,Date,Open,High,Low,Close,Adj Close,Volume,Index
4519,2018-01-01,1160.0,1165.550049,1140.0,1146.5,1124.645508,21776.0,2018-01-01
4520,2018-01-02,1145.0,1149.400024,1134.949951,1142.849976,1121.064941,22009.0,2018-01-02
4521,2018-01-03,1150.0,1150.0,1136.0,1141.099976,1119.348389,636697.0,2018-01-03
4522,2018-01-04,1149.5,1178.699951,1148.199951,1172.050049,1149.7084960000002,75615.0,2018-01-04
4523,2018-01-05,1172.0,1191.0,1168.550049,1183.75,1161.185547,58612.0,2018-01-05
4524,2018-01-08,1184.0,1192.0,1173.75,1183.099976,1160.547729,27707.0,2018-01-08
4525,2018-01-09,1180.0,1195.949951,1174.300049,1191.900024,1169.180176,55541.0,2018-01-09
4526,2018-01-10,1191.900024,1191.900024,1171.5,1177.400024,1154.956543,246003.0,2018-01-10
4527,2018-01-11,1178.0,1190.0,1171.25,1188.849976,1166.188232,31143.0,2018-01-11
4528,2018-01-12,1195.0,1195.0,1177.400024,1189.650024,1166.9730220000001,30535.0,2018-01-12
4529,2018-01-15,1192.0,1206.300049,1188.0,1201.699951,1178.7932130000002,52609.0,2018-01-15
4530,2018-01-16,1201.25,1201.25,1184.75,1190.349976,1167.659546,45135.0,2018-01-16
4531,2018-01-17,1189.550049,1198.949951,1150.75,1194.150024,1171.387207,23524.0,2018-01-17
4532,2018-01-18,1195.0,1204.0,1181.400024,1189.75,1167.071045,24520.0,2018-01-18
4533,2018-01-19,1192.0,1197.0,1178.300049,1193.400024,1170.651489,49403.0,2018-01-19
4534,2018-01-22,1195.0,1195.0,1165.0,1176.699951,1154.269775,67306.0,2018-01-22
4535,2018-01-23,1177.0,1178.0,1157.449951,1167.699951,1145.4414060000001,135127.0,2018-01-23
4536,2018-01-24,1170.0,1170.0,1144.5,1150.949951,1129.010498,686397.0,2018-01-24
4537,2018-01-25,1152.0,1160.0,1143.550049,1149.75,1127.833374,295968.0,2018-01-25
4538,2018-01-29,1151.0,1165.0,1145.050049,1154.5,1132.493042,383037.0,2018-01-29
4539,2018-01-30,1150.0,1150.0,1124.0,1128.900024,1107.3811039999998,664489.0,2018-01-30
4540,2018-01-31,1130.0,1139.699951,1125.150024,1131.050049,1109.490112,181667.0,2018-01-31
4541,2018-02-01,1149.5,1155.099976,1133.300049,1152.449951,1130.481934,240881.0,2018-02-01
4542,2018-02-02,1146.0,1146.800049,1123.0,1138.300049,1116.6016849999999,95524.0,2018-02-02
4543,2018-02-05,1125.0,1135.849976,1114.0,1134.349976,1112.727051,70174.0,2018-02-05
4544,2018-02-06,1113.550049,1116.199951,1090.550049,1110.849976,1089.674927,52356.0,2018-02-06
4545,2018-02-07,1115.0,1130.0,1108.199951,1121.0,1099.631592,38942.0,2018-02-07
4546,2018-02-08,1125.300049,1129.400024,1110.449951,1124.0,1102.5744630000002,85477.0,2018-02-08
4547,2018-02-09,1110.0,1141.849976,1105.0,1131.550049,1109.9804689999999,59800.0,2018-02-09
4548,2018-02-12,1134.800049,1149.5,1112.349976,1145.449951,1123.6154789999998,177769.0,2018-02-12
4549,2018-02-14,1145.0,1145.0,1128.0,1140.650024,1118.907104,356537.0,2018-02-14
4550,2018-02-15,1155.0,1155.0,1124.0,1136.699951,1115.032227,40785.0,2018-02-15
4551,2018-02-16,1136.699951,1146.150024,1132.0,1143.699951,1121.898926,66356.0,2018-02-16
4552,2018-02-19,1145.0,1145.0,1107.0,1122.449951,1101.053833,80809.0,2018-02-19
4553,2018-02-20,1122.0,1134.550049,1113.650024,1126.699951,1105.2229,81513.0,2018-02-20
4554,2018-02-21,1129.0,1130.400024,1115.050049,1125.550049,1104.094849,23849.0,2018-02-21
4555,2018-02-22,1125.650024,1125.650024,1102.550049,1116.349976,1095.0703130000002,77998.0,2018-02-22
4556,2018-02-23,1119.900024,1119.900024,1100.949951,1101.900024,1080.89563,610022.0,2018-02-23
4557,2018-02-26,1102.099976,1115.0,1096.099976,1106.25,1085.16272,77743.0,2018-02-26
4558,2018-02-27,1103.050049,1112.949951,1100.550049,1110.199951,1089.037476,35425.0,2018-02-27
4559,2018-02-28,1110.400024,1122.949951,1100.050049,1118.849976,1097.522583,50349.0,2018-02-28
4560,2018-03-01,1120.25,1124.099976,1108.449951,1119.599976,1098.258057,103641.0,2018-03-01
4561,2018-03-05,1118.550049,1118.550049,1100.550049,1104.300049,1083.25,29928.0,2018-03-05
4562,2018-03-06,1108.849976,1108.849976,1088.0,1102.75,1081.729492,88283.0,2018-03-06
4563,2018-03-07,1102.550049,1110.0,1095.900024,1107.949951,1086.8302,124276.0,2018-03-07
4564,2018-03-08,1113.349976,1129.5,1108.349976,1125.599976,1104.143799,152864.0,2018-03-08
4565,2018-03-09,1129.5,1138.0,1121.099976,1127.75,1106.253052,94744.0,2018-03-09
4566,2018-03-12,1134.150024,1134.150024,1120.349976,1130.949951,1109.391724,49867.0,2018-03-12
4567,2018-03-13,1130.949951,1141.900024,1107.0,1137.800049,1116.111328,67745.0,2018-03-13
4568,2018-03-14,1140.0,1144.550049,1131.349976,1136.599976,1114.934204,408337.0,2018-03-14
4569,2018-03-15,1135.0,1163.650024,1133.900024,1160.949951,1138.819946,43770.0,2018-03-15
4570,2018-03-16,1160.0,1160.0,1121.5,1125.449951,1103.996582,90623.0,2018-03-16
4571,2018-03-19,1125.5,1130.0,1100.5,1102.5,1081.4842529999999,49262.0,2018-03-19
4572,2018-03-20,1103.0,1116.800049,1094.949951,1106.550049,1085.4570310000001,21514.0,2018-03-20
4573,2018-03-21,1100.0,1116.150024,1100.0,1103.849976,1082.8084720000002,73643.0,2018-03-21
4574,2018-03-22,1102.099976,1110.0,1101.699951,1107.349976,1086.241821,80420.0,2018-03-22
4575,2018-03-23,1082.0,1119.0,1082.0,1107.650024,1086.536011,56367.0,2018-03-23
4576,2018-03-26,1110.0,1122.75,1100.0,1118.800049,1097.473511,97513.0,2018-03-26
4577,2018-03-27,1118.0,1139.0,1116.0,1131.75,1110.176758,50601.0,2018-03-27
4578,2018-03-28,1121.050049,1129.699951,1115.5,1120.699951,1099.337158,40374.0,2018-03-28
4579,2018-04-02,1125.0,1152.0,1112.599976,1149.150024,1127.244995,33013.0,2018-04-02
4580,2018-04-03,1150.0,1157.599976,1138.599976,1152.900024,1130.923462,30821.0,2018-04-03
4581,2018-04-04,1159.949951,1160.0,1127.400024,1137.599976,1115.915161,45389.0,2018-04-04
4582,2018-04-05,1153.050049,1156.449951,1136.25,1145.199951,1123.370239,38352.0,2018-04-05
4583,2018-04-06,1145.199951,1151.599976,1135.300049,1143.800049,1121.99707,15290.0,2018-04-06
4584,2018-04-09,1150.0,1175.0,1140.849976,1158.050049,1135.975464,61230.0,2018-04-09
4585,2018-04-10,1158.5,1166.5,1152.0,1155.300049,1133.277954,21306.0,2018-04-10
4586,2018-04-11,1156.0,1159.5,1142.0,1155.5,1133.473877,16960.0,2018-04-11
4587,2018-04-12,1165.0,1167.650024,1146.050049,1164.150024,1141.959106,41697.0,2018-04-12
4588,2018-04-13,1169.900024,1175.0,1151.5,1162.800049,1140.634888,24806.0,2018-04-13
4589,2018-04-16,1160.0,1186.949951,1155.0,1177.900024,1155.446899,36608.0,2018-04-16
4590,2018-04-17,1183.900024,1186.650024,1169.150024,1175.150024,1152.74939,25917.0,2018-04-17
4591,2018-04-18,1176.0,1188.0,1167.050049,1171.25,1148.923706,22273.0,2018-04-18
4592,2018-04-19,1180.0,1185.75,1164.75,1166.800049,1144.5585939999999,22411.0,2018-04-19
4593,2018-04-20,1167.0,1167.0,1144.25,1159.099976,1137.005249,30652.0,2018-04-20
4594,2018-04-23,1150.050049,1180.900024,1150.0,1178.599976,1156.133545,27081.0,2018-04-23
4595,2018-04-24,1176.0,1181.949951,1163.5,1173.099976,1150.738525,17987.0,2018-04-24
4596,2018-04-25,1160.050049,1172.550049,1156.800049,1165.25,1143.037964,16257.0,2018-04-25
4597,2018-04-26,1163.800049,1176.0,1152.800049,1159.849976,1137.741089,31212.0,2018-04-26
4598,2018-04-27,1163.0,1198.849976,1163.0,1184.449951,1161.87207,62621.0,2018-04-27
4599,2018-04-30,1185.0,1206.150024,1182.75,1200.150024,1177.272827,32507.0,2018-04-30
4600,2018-05-02,1200.0,1226.650024,1197.5,1221.75,1198.461182,306683.0,2018-05-02
4601,2018-05-03,1221.75,1230.0,1200.0,1206.5,1183.501831,40472.0,2018-05-03
4602,2018-05-04,1206.0,1206.0,1180.550049,1194.25,1171.485229,33809.0,2018-05-04
4603,2018-05-07,1194.25,1216.900024,1180.550049,1212.900024,1189.779663,29727.0,2018-05-07
4604,2018-05-08,1216.0,1223.800049,1204.050049,1205.599976,1182.618774,36632.0,2018-05-08
4605,2018-05-09,1200.0,1229.050049,1198.0,1224.099976,1200.766357,165712.0,2018-05-09
4606,2018-05-10,1234.0,1238.699951,1201.550049,1214.699951,1191.545532,110452.0,2018-05-10
4607,2018-05-11,1235.0,1294.400024,1227.199951,1289.599976,1265.0177,306088.0,2018-05-11
4608,2018-05-14,1280.0,1306.699951,1270.0,1298.449951,1273.698975,120706.0,2018-05-14
4609,2018-05-15,1296.0,1322.550049,1234.0,1310.050049,1285.0778810000002,232858.0,2018-05-15
4610,2018-05-16,1303.0,1328.900024,1285.550049,1320.800049,1295.623169,354559.0,2018-05-16
4611,2018-05-17,1323.0,1328.0,1305.0,1309.699951,1284.7344970000001,25348.0,2018-05-17
4612,2018-05-18,1309.0,1316.0,1286.5,1306.949951,1282.036865,39492.0,2018-05-18
4613,2018-05-21,1307.0,1314.0,1291.25,1300.0,1275.219604,23098.0,2018-05-21
4614,2018-05-22,1301.849976,1301.849976,1278.25,1286.099976,1261.5844730000001,373891.0,2018-05-22
4615,2018-05-23,1287.900024,1289.400024,1271.199951,1278.199951,1253.835083,27335.0,2018-05-23
4616,2018-05-24,1280.0,1302.949951,1264.300049,1290.199951,1265.606201,30675.0,2018-05-24
4617,2018-05-25,1295.0,1309.5,1281.400024,1289.650024,1265.0667720000001,40483.0,2018-05-25
4618,2018-05-28,1299.0,1335.099976,1290.0,1319.5,1294.3476560000001,50822.0,2018-05-28
4619,2018-05-29,1325.0,1329.400024,1290.25,1299.150024,1274.385864,38649.0,2018-05-29
4620,2018-05-30,1295.0,1300.449951,1284.650024,1291.900024,1267.274048,23776.0,2018-05-30
4621,2018-05-31,1311.900024,1311.900024,1287.0,1305.599976,1280.712769,30267.0,2018-05-31
4622,2018-06-01,1305.599976,1313.099976,1291.25,1293.5,1268.843384,14597.0,2018-06-01
4623,2018-06-04,1295.0,1295.0,1266.099976,1281.800049,1257.366577,347098.0,2018-06-04
4624,2018-06-05,1281.0,1291.949951,1270.099976,1273.050049,1248.783203,21756.0,2018-06-05
4625,2018-06-06,1272.900024,1272.900024,1246.699951,1263.75,1239.6604,71272.0,2018-06-06
4626,2018-06-07,1265.0,1294.550049,1263.050049,1287.699951,1263.153931,49077.0,2018-06-07
4627,2018-06-08,1278.599976,1287.0,1270.849976,1277.400024,1253.050415,16952.0,2018-06-08
4628,2018-06-11,1280.0,1296.0,1277.25,1284.900024,1260.407227,24039.0,2018-06-11
4629,2018-06-12,1281.0,1292.0,1275.300049,1284.449951,1259.96582,23031.0,2018-06-12
4630,2018-06-13,1294.849976,1294.849976,1280.050049,1282.400024,1257.954834,14525.0,2018-06-13
4631,2018-06-14,1280.099976,1288.650024,1275.0,1285.849976,1267.318115,23220.0,2018-06-14
4632,2018-06-15,1298.0,1298.0,1269.0,1281.050049,1262.58728,25313.0,2018-06-15
4633,2018-06-18,1290.0,1290.75,1271.949951,1276.699951,1258.299927,30537.0,2018-06-18
4634,2018-06-19,1277.0,1286.800049,1266.0,1268.650024,1250.365967,29580.0,2018-06-19
4635,2018-06-20,1270.0,1275.5,1260.0,1272.099976,1253.766235,17896.0,2018-06-20
4636,2018-06-21,1272.050049,1278.449951,1248.650024,1254.400024,1236.321289,29928.0,2018-06-21
4637,2018-06-22,1263.75,1273.75,1243.050049,1268.199951,1249.9223630000001,35164.0,2018-06-22
4638,2018-06-25,1273.0,1279.800049,1250.25,1254.050049,1235.9764400000001,24896.0,2018-06-25
4639,2018-06-26,1259.0,1280.0,1254.050049,1273.699951,1255.343018,40037.0,2018-06-26
4640,2018-06-27,1278.0,1284.5,1262.199951,1265.25,1247.014893,20158.0,2018-06-27
4641,2018-06-28,1270.0,1272.5,1250.800049,1267.449951,1249.183105,21279.0,2018-06-28
4642,2018-06-29,1264.849976,1270.949951,1252.050049,1264.099976,1245.881592,30034.0,2018-06-29
4643,2018-07-02,1265.050049,1298.5,1261.800049,1293.5,1274.857666,55582.0,2018-07-02
4644,2018-07-03,1294.0,1309.199951,1288.349976,1291.900024,1273.2807619999999,70375.0,2018-07-03
4645,2018-07-04,1298.0,1299.699951,1283.25,1291.550049,1272.936035,37055.0,2018-07-04
4646,2018-07-05,1306.300049,1326.0,1279.349976,1321.849976,1302.799194,61496.0,2018-07-05
4647,2018-07-06,1327.5,1335.599976,1309.75,1322.800049,1303.735474,49753.0,2018-07-06
4648,2018-07-09,1334.0,1370.650024,1326.050049,1364.0,1344.341675,113915.0,2018-07-09
4649,2018-07-10,1362.0,1375.849976,1356.5,1369.449951,1349.713257,59194.0,2018-07-10
4650,2018-07-11,1367.0,1383.699951,1355.050049,1358.300049,1338.723999,37698.0,2018-07-11
4651,2018-07-12,1370.0,1379.150024,1347.0,1357.25,1337.688965,48760.0,2018-07-12
4652,2018-07-13,1358.0,1374.949951,1358.0,1368.5,1348.7769779999999,219841.0,2018-07-13
4653,2018-07-16,1370.0,1393.5,1351.550049,1358.599976,1339.0195310000001,271048.0,2018-07-16
4654,2018-07-17,1361.300049,1383.099976,1354.599976,1377.900024,1358.0415039999998,37623.0,2018-07-17
4655,2018-07-18,1385.599976,1399.449951,1379.75,1391.400024,1371.346924,48107.0,2018-07-18
4656,2018-07-19,1398.0,1408.0,1394.650024,1399.449951,1379.280884,50543.0,2018-07-19
4657,2018-07-20,1400.0,1404.949951,1382.199951,1396.900024,1376.7677,51548.0,2018-07-20
4658,2018-07-23,1421.550049,1465.099976,1396.099976,1433.699951,1413.037231,144424.0,2018-07-23
4659,2018-07-24,1440.0,1475.0,1428.0,1466.699951,1445.561646,190846.0,2018-07-24
4660,2018-07-25,1454.0,1488.599976,1423.449951,1450.300049,1429.398071,235220.0,2018-07-25
4661,2018-07-26,1451.849976,1457.449951,1422.349976,1432.5,1411.854492,125742.0,2018-07-26
4662,2018-07-27,1449.0,1452.300049,1427.300049,1433.25,1412.5936279999999,81574.0,2018-07-27
4663,2018-07-30,1449.0,1450.900024,1427.75,1430.800049,1410.178955,42461.0,2018-07-30
4664,2018-07-31,1435.400024,1454.400024,1428.0,1448.300049,1427.426758,98983.0,2018-07-31
4665,2018-08-01,1460.0,1461.050049,1432.550049,1437.75,1417.028687,59085.0,2018-08-01
4666,2018-08-02,1431.0,1443.0,1412.0,1418.449951,1398.006958,32852.0,2018-08-02
4667,2018-08-03,1436.0,1436.0,1406.0,1411.349976,1391.0092769999999,85300.0,2018-08-03
4668,2018-08-06,1412.0,1421.0,1393.199951,1396.800049,1376.669067,51335.0,2018-08-06
4669,2018-08-07,1409.75,1437.800049,1400.0,1419.599976,1399.140259,223914.0,2018-08-07
4670,2018-08-08,1425.0,1447.0,1418.0,1425.199951,1404.659668,81484.0,2018-08-08
4671,2018-08-09,1426.0,1433.449951,1412.650024,1415.300049,1394.902466,45181.0,2018-08-09
4672,2018-08-10,1416.0,1438.5,1409.349976,1418.099976,1397.661987,69053.0,2018-08-10
4673,2018-08-13,1424.0,1424.0,1394.75,1398.400024,1378.24585,184172.0,2018-08-13
4674,2018-08-14,1412.0,1415.800049,1391.099976,1395.550049,1375.4372560000002,52234.0,2018-08-14
4675,2018-08-16,1403.900024,1410.0,1387.199951,1392.349976,1372.283325,94680.0,2018-08-16
4676,2018-08-17,1408.0,1408.0,1387.550049,1399.800049,1379.625854,59525.0,2018-08-17
4677,2018-08-20,1408.949951,1431.349976,1399.650024,1408.900024,1388.594727,100596.0,2018-08-20
4678,2018-08-21,1414.650024,1424.75,1397.0,1402.150024,1381.942017,115149.0,2018-08-21
4679,2018-08-23,1405.5,1412.699951,1391.099976,1393.900024,1373.810913,132990.0,2018-08-23
4680,2018-08-24,1397.0,1410.0,1386.0,1392.5,1372.4311519999999,74071.0,2018-08-24
4681,2018-08-27,1397.0,1406.0,1396.5,1399.599976,1379.428467,28368.0,2018-08-27
4682,2018-08-28,1400.099976,1419.75,1400.099976,1407.400024,1387.116333,59833.0,2018-08-28
4683,2018-08-29,1409.300049,1412.75,1388.349976,1392.0,1371.93811,61309.0,2018-08-29
4684,2018-08-30,1394.0,1398.0,1373.300049,1375.949951,1356.119507,66036.0,2018-08-30
4685,2018-08-31,1376.5,1392.449951,1365.800049,1371.099976,1351.339355,49395.0,2018-08-31
4686,2018-09-03,1375.0,1387.449951,1353.0,1359.449951,1339.8573,65313.0,2018-09-03
4687,2018-09-04,1366.800049,1368.949951,1304.400024,1312.050049,1293.1405029999999,100617.0,2018-09-04
4688,2018-09-05,1310.150024,1330.400024,1303.25,1317.300049,1298.314819,66408.0,2018-09-05
4689,2018-09-06,1330.199951,1330.199951,1308.5,1314.650024,1295.7030029999999,37461.0,2018-09-06
4690,2018-09-07,1327.0,1337.0,1301.0,1317.349976,1298.364014,40802.0,2018-09-07
4691,2018-09-10,1310.400024,1330.0,1280.150024,1292.449951,1273.822876,103813.0,2018-09-10
4692,2018-09-11,1300.0,1312.75,1287.199951,1295.849976,1277.17395,43245.0,2018-09-11
4693,2018-09-12,1297.0,1312.849976,1280.0,1291.75,1273.1329349999999,38324.0,2018-09-12
4694,2018-09-14,1280.550049,1332.650024,1280.550049,1331.0,1311.817261,66425.0,2018-09-14
4695,2018-09-17,1331.0,1331.0,1301.050049,1305.300049,1286.487793,61515.0,2018-09-17
4696,2018-09-18,1314.75,1380.0,1284.099976,1291.150024,1272.541748,336156.0,2018-09-18
4697,2018-09-19,1309.800049,1317.0,1286.099976,1289.349976,1270.767578,86254.0,2018-09-19
4698,2018-09-21,1294.0,1324.0,1215.0,1303.099976,1284.319336,139702.0,2018-09-21
4699,2018-09-24,1305.0,1314.949951,1245.849976,1265.849976,1247.606201,94790.0,2018-09-24
4700,2018-09-25,1271.900024,1303.75,1259.550049,1290.949951,1272.344482,72895.0,2018-09-25
4701,2018-09-26,1308.0,1308.0,1275.099976,1280.550049,1262.094482,219800.0,2018-09-26
4702,2018-09-27,1286.5,1312.349976,1275.599976,1286.599976,1268.057251,418464.0,2018-09-27
4703,2018-09-28,1305.0,1315.0,1285.0,1294.050049,1275.3999019999999,77323.0,2018-09-28
4704,2018-10-01,1300.0,1307.5,1269.0,1278.599976,1260.172485,78914.0,2018-10-01
4705,2018-10-03,1270.0,1270.25,1240.599976,1251.650024,1233.610962,73131.0,2018-10-03
4706,2018-10-04,1239.5,1239.5,1216.099976,1227.900024,1210.2032470000001,59877.0,2018-10-04
4707,2018-10-05,1223.949951,1240.75,1198.0,1207.900024,1190.491577,54882.0,2018-10-05
4708,2018-10-08,1216.0,1258.349976,1200.0,1251.449951,1233.413818,108238.0,2018-10-08
4709,2018-10-09,1256.0,1261.5,1191.449951,1202.0,1184.676514,103399.0,2018-10-09
4710,2018-10-10,1215.0,1240.5,1181.199951,1225.949951,1208.2813720000001,68369.0,2018-10-10
4711,2018-10-11,1208.0,1220.25,1194.199951,1216.050049,1198.524048,65177.0,2018-10-11
4712,2018-10-12,1235.0,1265.949951,1235.0,1261.5,1243.31897,61571.0,2018-10-12
4713,2018-10-15,1260.0,1260.0,1242.900024,1246.550049,1228.5844730000001,37994.0,2018-10-15
4714,2018-10-16,1272.050049,1283.5,1255.0,1266.800049,1248.5426029999999,61487.0,2018-10-16
4715,2018-10-17,1278.099976,1281.349976,1253.0,1256.199951,1238.095337,37259.0,2018-10-17
4716,2018-10-19,1267.900024,1287.400024,1221.949951,1237.949951,1220.108398,184590.0,2018-10-19
4717,2018-10-22,1260.0,1260.0,1193.0,1201.449951,1184.1342769999999,77845.0,2018-10-22
4718,2018-10-23,1133.0,1190.0,1119.599976,1138.800049,1122.387329,669485.0,2018-10-23
4719,2018-10-24,1164.0,1199.199951,1150.800049,1189.949951,1172.800049,175754.0,2018-10-24
4720,2018-10-25,1180.0,1211.150024,1153.150024,1200.599976,1183.2966310000002,102248.0,2018-10-25
4721,2018-10-26,1203.0,1205.0,1168.800049,1189.449951,1172.307373,204879.0,2018-10-26
4722,2018-10-29,1190.25,1212.800049,1187.0,1195.0,1180.606323,90499.0,2018-10-29
4723,2018-10-30,1192.0,1207.800049,1176.75,1197.449951,1183.026611,45521.0,2018-10-30
4724,2018-10-31,1210.0,1232.0,1185.0,1227.25,1212.467651,112677.0,2018-10-31
4725,2018-11-01,1229.0,1244.050049,1212.400024,1217.199951,1202.538696,80205.0,2018-11-01
4726,2018-11-02,1240.0,1289.650024,1227.800049,1246.150024,1231.140015,288173.0,2018-11-02
4727,2018-11-05,1254.0,1260.25,1233.5,1242.150024,1227.188232,91858.0,2018-11-05
4728,2018-11-06,1242.0,1254.449951,1232.099976,1238.75,1223.829224,51561.0,2018-11-06
4729,2018-11-07,1250.0,1253.400024,1245.0,1250.849976,1235.783447,10843.0,2018-11-07
4730,2018-11-09,1265.0,1307.25,1259.5,1298.199951,1282.56311,158630.0,2018-11-09
4731,2018-11-12,1298.900024,1314.949951,1272.849976,1275.550049,1260.186035,89706.0,2018-11-12
4732,2018-11-13,1279.0,1299.0,1279.0,1284.800049,1269.324585,173899.0,2018-11-13
4733,2018-11-14,1322.0,1337.0,1290.0,1319.900024,1304.001709,286905.0,2018-11-14
4734,2018-11-15,1319.900024,1333.0,1311.0,1312.25,1296.44397,523482.0,2018-11-15
4735,2018-11-16,1320.0,1332.0,1313.550049,1320.449951,1304.545044,118380.0,2018-11-16
4736,2018-11-19,1332.900024,1332.900024,1305.300049,1311.900024,1296.098145,91251.0,2018-11-19
4737,2018-11-20,1321.0,1330.900024,1304.050049,1306.599976,1290.861938,93864.0,2018-11-20
4738,2018-11-21,1326.25,1341.800049,1314.0,1322.900024,1306.965576,81450.0,2018-11-21
4739,2018-11-22,1330.0,1330.0,1309.449951,1313.849976,1298.024658,112036.0,2018-11-22
4740,2018-11-26,1330.0,1357.650024,1323.0,1349.599976,1333.344116,587377.0,2018-11-26
4741,2018-11-27,1305.050049,1345.900024,1305.050049,1339.199951,1323.069214,131208.0,2018-11-27
4742,2018-11-28,1341.0,1358.0,1318.150024,1323.650024,1307.706543,58394.0,2018-11-28
4743,2018-11-29,1332.199951,1355.650024,1332.0,1352.650024,1336.3573,66655.0,2018-11-29
4744,2018-11-30,1352.0,1361.75,1341.0,1344.900024,1328.700562,65633.0,2018-11-30
4745,2018-12-03,1349.900024,1360.0,1333.5,1339.900024,1323.760864,49563.0,2018-12-03
4746,2018-12-04,1346.0,1353.75,1326.5,1329.349976,1313.338013,118747.0,2018-12-04
4747,2018-12-05,1330.0,1342.199951,1323.650024,1328.300049,1312.3007810000001,101613.0,2018-12-05
4748,2018-12-06,1330.0,1330.0,1287.0,1295.050049,1279.45105,68703.0,2018-12-06
4749,2018-12-07,1311.800049,1323.150024,1300.0,1318.599976,1302.717407,143387.0,2018-12-07
4750,2018-12-10,1299.0,1306.099976,1263.300049,1272.699951,1257.370239,95741.0,2018-12-10
4751,2018-12-11,1263.0,1334.449951,1254.349976,1323.949951,1308.003052,137533.0,2018-12-11
4752,2018-12-12,1323.949951,1336.5,1312.300049,1328.699951,1312.695801,333795.0,2018-12-12
4753,2018-12-13,1340.0,1342.0,1316.0,1320.150024,1304.248779,111751.0,2018-12-13
4754,2018-12-14,1335.0,1349.550049,1319.5,1340.050049,1323.909058,96372.0,2018-12-14
4755,2018-12-17,1342.0,1350.0,1330.300049,1334.849976,1318.7717289999998,134187.0,2018-12-17
4756,2018-12-18,1344.5,1358.949951,1330.0,1354.449951,1338.13562,156641.0,2018-12-18
4757,2018-12-19,1370.0,1404.900024,1369.900024,1400.400024,1383.532104,335104.0,2018-12-19
4758,2018-12-20,1392.0,1431.5,1389.800049,1425.300049,1408.132324,348911.0,2018-12-20
4759,2018-12-21,1444.0,1444.0,1382.400024,1387.800049,1371.084106,101349.0,2018-12-21
4760,2018-12-24,1390.0,1390.150024,1352.199951,1356.050049,1339.716309,143992.0,2018-12-24
4761,2018-12-26,1372.599976,1373.599976,1344.349976,1362.199951,1345.792236,278457.0,2018-12-26
4762,2018-12-27,1362.5,1385.0,1355.099976,1367.050049,1350.583862,171307.0,2018-12-27
4763,2018-12-28,1372.099976,1384.25,1361.0,1365.349976,1348.904297,65162.0,2018-12-28
4764,2018-12-31,1379.5,1379.5,1359.75,1373.699951,1357.153564,36987.0,2018-12-31
4765,2019-01-01,1380.0,1380.099976,1351.599976,1371.849976,1355.32605,43844.0,2019-01-01
4766,2019-01-02,1371.0,1386.75,1363.300049,1381.550049,1364.909302,84625.0,2019-01-02
4767,2019-01-03,1382.0,1392.0,1379.949951,1385.150024,1368.465942,132887.0,2019-01-03
4768,2019-01-04,1388.0,1401.300049,1380.050049,1385.300049,1368.614014,70056.0,2019-01-04
4769,2019-01-07,1394.400024,1404.050049,1384.5,1394.800049,1377.9995119999999,89437.0,2019-01-07
4770,2019-01-08,1400.0,1412.75,1396.550049,1401.25,1384.371948,58379.0,2019-01-08
4771,2019-01-09,1411.949951,1413.5,1390.0,1402.900024,1386.002075,263397.0,2019-01-09
4772,2019-01-10,1387.099976,1402.349976,1387.099976,1397.550049,1380.716431,32690.0,2019-01-10
4773,2019-01-11,1397.0,1406.599976,1394.0,1402.199951,1385.310425,26143.0,2019-01-11
4774,2019-01-14,1410.0,1410.25,1386.800049,1388.400024,1371.676636,80948.0,2019-01-14
4775,2019-01-15,1388.449951,1414.0,1388.449951,1406.050049,1389.114136,35551.0,2019-01-15
4776,2019-01-16,1407.0,1413.599976,1386.300049,1389.0,1372.269409,79935.0,2019-01-16
4777,2019-01-17,1397.0,1399.199951,1385.199951,1389.449951,1372.713989,46009.0,2019-01-17
4778,2019-01-18,1399.75,1404.25,1384.050049,1401.300049,1384.421265,151185.0,2019-01-18
4779,2019-01-21,1399.800049,1424.199951,1396.5,1420.650024,1403.53833,369857.0,2019-01-21
4780,2019-01-22,1425.0,1431.5,1378.0,1406.550049,1389.608032,298450.0,2019-01-22
4781,2019-01-23,1430.0,1430.0,1390.75,1396.050049,1379.2346189999998,134965.0,2019-01-23
4782,2019-01-24,1400.0,1413.300049,1396.0,1400.25,1383.384033,222006.0,2019-01-24
4783,2019-01-25,1405.0,1415.0,1353.150024,1372.199951,1355.6717529999999,93230.0,2019-01-25
4784,2019-01-28,1370.0,1390.0,1368.349976,1379.199951,1362.587524,117696.0,2019-01-28
4785,2019-01-29,1380.0,1400.0,1373.050049,1392.5,1375.727417,100064.0,2019-01-29
4786,2019-01-30,1394.0,1415.0,1373.5,1388.75,1372.022461,76583.0,2019-01-30
4787,2019-01-31,1396.449951,1415.0,1392.050049,1412.650024,1395.6345210000002,62578.0,2019-01-31
4788,2019-02-01,1416.0,1469.349976,1409.5,1456.949951,1439.401001,144133.0,2019-02-01
4789,2019-02-04,1453.0,1453.0,1430.300049,1448.400024,1430.954102,41293.0,2019-02-04
4790,2019-02-05,1444.0,1465.949951,1444.0,1450.449951,1432.979248,34126.0,2019-02-05
4791,2019-02-06,1468.699951,1472.949951,1433.849976,1465.849976,1448.1938480000001,48299.0,2019-02-06
4792,2019-02-07,1474.75,1476.0,1457.650024,1472.050049,1454.319214,27995.0,2019-02-07
4793,2019-02-08,1475.0,1478.599976,1445.0,1448.400024,1430.954102,44825.0,2019-02-08
4794,2019-02-11,1450.0,1456.150024,1427.0,1437.949951,1420.629761,45399.0,2019-02-11
4795,2019-02-12,1435.0,1456.550049,1434.550049,1448.699951,1431.2502439999998,109386.0,2019-02-12
4796,2019-02-14,1419.650024,1422.449951,1397.050049,1399.449951,1382.5936279999999,30053.0,2019-02-14
4797,2019-02-15,1399.449951,1402.800049,1373.0,1395.25,1378.444336,44934.0,2019-02-15
4798,2019-02-18,1400.0,1400.0,1346.75,1379.75,1363.130981,61173.0,2019-02-18
4799,2019-02-19,1376.0,1397.0,1372.0,1378.949951,1362.340332,25386.0,2019-02-19
4800,2019-02-20,1384.150024,1396.400024,1377.0,1394.400024,1377.60437,27431.0,2019-02-20
4801,2019-02-21,1398.550049,1407.75,1392.0,1397.75,1380.9140630000002,77586.0,2019-02-21
4802,2019-02-22,1400.0,1406.949951,1383.949951,1398.300049,1381.45752,115191.0,2019-02-22
4803,2019-02-25,1402.800049,1405.800049,1391.75,1398.75,1381.9021,30741.0,2019-02-25
4804,2019-02-26,1399.0,1406.5,1379.150024,1401.25,1384.371948,32435.0,2019-02-26
4805,2019-02-27,1401.25,1428.449951,1395.400024,1402.5,1385.606934,115782.0,2019-02-27
4806,2019-02-28,1413.0,1415.449951,1401.0,1405.050049,1388.126221,64092.0,2019-02-28
4807,2019-03-01,1407.599976,1417.699951,1388.150024,1392.150024,1375.38147,40824.0,2019-03-01
4808,2019-03-05,1394.5,1409.0,1384.800049,1401.199951,1384.322388,49259.0,2019-03-05
4809,2019-03-06,1406.050049,1408.0,1387.199951,1393.75,1376.96228,86206.0,2019-03-06
4810,2019-03-07,1399.050049,1405.199951,1392.050049,1397.25,1380.420044,36617.0,2019-03-07
4811,2019-03-08,1397.25,1397.25,1380.699951,1383.599976,1366.934448,31762.0,2019-03-08
4812,2019-03-11,1383.599976,1423.5,1383.599976,1417.900024,1400.821411,225655.0,2019-03-11
4813,2019-03-12,1418.5,1444.349976,1418.5,1427.25,1410.0588380000002,49682.0,2019-03-12
4814,2019-03-13,1432.0,1434.800049,1418.349976,1428.449951,1411.2441410000001,25928.0,2019-03-13
4815,2019-03-14,1435.199951,1446.0,1420.449951,1434.050049,1416.776855,54271.0,2019-03-14
4816,2019-03-15,1435.050049,1456.650024,1430.0,1432.25,1414.998535,49348.0,2019-03-15
4817,2019-03-18,1441.300049,1459.0,1436.349976,1445.800049,1428.3852539999998,37582.0,2019-03-18
4818,2019-03-19,1446.0,1458.949951,1440.199951,1453.900024,1436.387817,20394.0,2019-03-19
4819,2019-03-20,1456.199951,1464.800049,1449.0,1454.949951,1437.425049,53333.0,2019-03-20
4820,2019-03-22,1465.0,1479.0,1454.099976,1470.699951,1452.985352,87506.0,2019-03-22
4821,2019-03-25,1466.5,1474.800049,1452.300049,1456.599976,1439.055054,67266.0,2019-03-25
4822,2019-03-26,1465.949951,1491.25,1458.0,1484.449951,1466.569702,162398.0,2019-03-26
4823,2019-03-27,1486.550049,1495.0,1465.900024,1472.900024,1455.158936,87561.0,2019-03-27
4824,2019-03-28,1482.0,1505.0,1473.699951,1494.5,1476.498657,48039.0,2019-03-28
4825,2019-04-01,1497.550049,1503.75,1487.849976,1490.449951,1472.497437,18371.0,2019-04-01
4826,2019-04-02,1490.199951,1520.0,1485.0,1515.75,1497.492676,55390.0,2019-04-02
4827,2019-04-03,1518.0,1529.949951,1491.25,1496.949951,1478.919189,46421.0,2019-04-03
4828,2019-04-04,1510.0,1525.0,1504.0,1518.699951,1500.407227,51385.0,2019-04-04
4829,2019-04-05,1518.949951,1523.699951,1504.050049,1514.75,1496.504761,33942.0,2019-04-05
4830,2019-04-08,1519.900024,1519.900024,1486.949951,1496.400024,1478.375854,24122.0,2019-04-08
4831,2019-04-09,1470.0,1474.099976,1439.699951,1443.5,1426.112915,545787.0,2019-04-09
4832,2019-04-10,1458.0,1458.0,1405.0,1412.449951,1395.43689,109638.0,2019-04-10
4833,2019-04-11,1411.449951,1431.599976,1409.650024,1422.650024,1405.514038,63471.0,2019-04-11
4834,2019-04-12,1430.0,1444.800049,1425.150024,1437.599976,1420.284058,95241.0,2019-04-12
4835,2019-04-15,1446.949951,1450.650024,1427.0,1432.300049,1415.047974,39459.0,2019-04-15
4836,2019-04-16,1449.900024,1464.900024,1442.050049,1455.849976,1438.314209,56757.0,2019-04-16
4837,2019-04-18,1462.0,1478.800049,1460.300049,1465.349976,1447.699707,37336.0,2019-04-18
4838,2019-04-22,1464.0,1464.0,1435.099976,1443.25,1425.866089,29533.0,2019-04-22
4839,2019-04-23,1450.0,1454.099976,1427.550049,1431.300049,1414.060059,33307.0,2019-04-23
4840,2019-04-24,1435.0,1458.449951,1433.650024,1449.150024,1431.694946,50321.0,2019-04-24
4841,2019-04-25,1445.0,1459.699951,1439.599976,1448.25,1430.805786,18421.0,2019-04-25
4842,2019-04-26,1448.0,1456.599976,1436.800049,1448.050049,1430.608154,71212.0,2019-04-26
4843,2019-04-30,1456.0,1476.900024,1450.0,1463.0,1445.378052,34326.0,2019-04-30
4844,2019-05-02,1471.900024,1471.900024,1433.0,1437.849976,1420.5311279999999,28203.0,2019-05-02
4845,2019-05-03,1441.0,1455.0,1433.400024,1437.75,1420.4321289999998,22766.0,2019-05-03
4846,2019-05-06,1435.0,1447.75,1410.0,1414.900024,1397.857422,45237.0,2019-05-06
4847,2019-05-07,1431.5,1431.5,1377.150024,1387.650024,1370.935669,93883.0,2019-05-07
4848,2019-05-08,1382.800049,1399.0,1365.650024,1387.599976,1370.88623,75841.0,2019-05-08
4849,2019-05-09,1390.0,1393.0,1347.0,1355.800049,1339.46936,152591.0,2019-05-09
4850,2019-05-10,1310.050049,1355.0,1310.050049,1340.949951,1324.798096,321292.0,2019-05-10
4851,2019-05-13,1340.0,1344.300049,1324.25,1332.900024,1316.845093,36217.0,2019-05-13
4852,2019-05-14,1331.699951,1333.449951,1301.900024,1318.849976,1302.9644779999999,86170.0,2019-05-14
4853,2019-05-15,1327.0,1328.599976,1303.650024,1307.150024,1291.405396,34651.0,2019-05-15
4854,2019-05-16,1311.699951,1314.0,1294.5,1307.0,1291.25708,26517.0,2019-05-16
4855,2019-05-17,1306.900024,1329.0,1301.75,1318.150024,1302.273071,54789.0,2019-05-17
4856,2019-05-20,1335.150024,1377.0,1335.150024,1372.75,1356.2150880000002,40655.0,2019-05-20
4857,2019-05-21,1383.5,1383.849976,1352.199951,1358.550049,1342.186157,42514.0,2019-05-21
4858,2019-05-22,1379.0,1379.0,1349.0,1366.75,1350.2873539999998,28658.0,2019-05-22
4859,2019-05-23,1375.199951,1386.900024,1359.0,1369.449951,1352.954956,162040.0,2019-05-23
4860,2019-05-24,1385.0,1399.0,1377.349976,1385.550049,1368.861084,59076.0,2019-05-24
4861,2019-05-27,1393.199951,1395.0,1362.0,1365.699951,1349.25,122444.0,2019-05-27
4862,2019-05-28,1366.150024,1387.800049,1360.550049,1366.300049,1349.843018,36796.0,2019-05-28
4863,2019-05-29,1364.0,1365.0,1347.800049,1359.349976,1342.9765630000002,28061.0,2019-05-29
4864,2019-05-30,1359.349976,1387.5,1353.599976,1373.349976,1356.807983,111685.0,2019-05-30
4865,2019-05-31,1377.199951,1426.0,1377.199951,1406.699951,1389.756226,181554.0,2019-05-31
4866,2019-06-03,1424.949951,1464.900024,1424.949951,1458.0,1440.438354,237684.0,2019-06-03
4867,2019-06-04,1459.0,1459.0,1417.550049,1421.25,1404.1308589999999,58179.0,2019-06-04
4868,2019-06-06,1428.0,1459.550049,1423.650024,1427.800049,1410.602173,170376.0,2019-06-06
4869,2019-06-07,1427.5,1438.25,1413.349976,1421.099976,1403.982788,68770.0,2019-06-07
4870,2019-06-10,1423.050049,1442.0,1417.449951,1422.0,1404.871948,163137.0,2019-06-10
4871,2019-06-11,1435.0,1435.0,1411.0,1426.25,1409.070801,35944.0,2019-06-11
4872,2019-06-12,1434.800049,1439.800049,1420.25,1425.550049,1408.37915,34470.0,2019-06-12
4873,2019-06-13,1438.699951,1438.699951,1421.099976,1427.150024,1417.567139,40965.0,2019-06-13
4874,2019-06-14,1430.0,1431.699951,1411.0,1412.650024,1403.164429,42480.0,2019-06-14
4875,2019-06-17,1415.0,1424.599976,1397.150024,1401.800049,1392.387329,30732.0,2019-06-17
4876,2019-06-18,1413.849976,1413.849976,1376.650024,1380.400024,1371.130981,80101.0,2019-06-18
4877,2019-06-19,1390.800049,1396.800049,1371.900024,1381.75,1372.471924,33140.0,2019-06-19
4878,2019-06-20,1370.0,1404.150024,1360.849976,1390.099976,1380.7657470000001,48619.0,2019-06-20
4879,2019-06-21,1384.0,1394.0,1372.650024,1382.949951,1373.663696,34757.0,2019-06-21
4880,2019-06-24,1383.150024,1396.699951,1368.699951,1376.449951,1367.2073970000001,25456.0,2019-06-24
4881,2019-06-25,1374.900024,1374.900024,1360.150024,1363.199951,1354.0463869999999,38871.0,2019-06-25
4882,2019-06-26,1361.5,1370.099976,1352.199951,1359.900024,1350.768677,27299.0,2019-06-26
4883,2019-06-27,1366.900024,1369.5,1357.949951,1361.900024,1352.755249,468469.0,2019-06-27
4884,2019-06-28,1365.0,1370.900024,1350.0,1357.650024,1348.533813,28107.0,2019-06-28
4885,2019-07-01,1365.0,1371.75,1352.0,1354.150024,1345.057251,28973.0,2019-07-01
4886,2019-07-02,1357.650024,1359.5,1341.75,1345.949951,1336.912231,28790.0,2019-07-02
4887,2019-07-03,1353.599976,1370.550049,1350.25,1352.349976,1343.2692869999998,53137.0,2019-07-03
4888,2019-07-04,1364.800049,1366.650024,1352.0,1359.800049,1350.669312,118395.0,2019-07-04
4889,2019-07-05,1360.599976,1373.0,1353.949951,1358.400024,1349.278687,29612.0,2019-07-05
4890,2019-07-08,1358.599976,1361.349976,1333.099976,1339.75,1330.7539060000001,27813.0,2019-07-08
4891,2019-07-09,1342.050049,1342.050049,1291.449951,1320.449951,1311.583374,67661.0,2019-07-09
4892,2019-07-10,1336.800049,1338.449951,1312.599976,1322.849976,1313.967407,27384.0,2019-07-10
4893,2019-07-11,1323.0,1336.449951,1311.050049,1332.699951,1323.751221,30459.0,2019-07-11
4894,2019-07-12,1331.0,1367.699951,1326.199951,1360.400024,1351.265259,29548.0,2019-07-12
4895,2019-07-15,1370.0,1370.0,1348.199951,1353.800049,1344.709717,39418.0,2019-07-15
4896,2019-07-16,1354.949951,1375.0,1346.0,1371.900024,1362.6879880000001,52584.0,2019-07-16
4897,2019-07-17,1375.050049,1404.0,1375.050049,1394.849976,1385.484009,69993.0,2019-07-17
4898,2019-07-18,1400.0,1400.0,1377.199951,1383.699951,1374.408813,16427.0,2019-07-18
4899,2019-07-19,1389.949951,1398.849976,1365.0,1368.0,1358.814209,31043.0,2019-07-19
4900,2019-07-22,1385.0,1409.699951,1359.400024,1403.349976,1393.926758,73035.0,2019-07-22
4901,2019-07-23,1410.0,1443.75,1402.0,1428.349976,1418.759033,105936.0,2019-07-23
4902,2019-07-24,1430.0,1493.400024,1396.0,1483.599976,1473.637939,319104.0,2019-07-24
4903,2019-07-25,1483.0,1502.650024,1459.099976,1495.5,1485.45813,123850.0,2019-07-25
4904,2019-07-26,1495.0,1530.0,1486.099976,1524.599976,1514.362671,83678.0,2019-07-26
4905,2019-07-29,1524.599976,1538.349976,1507.0,1513.099976,1502.939819,61677.0,2019-07-29
4906,2019-07-30,1513.099976,1526.599976,1503.300049,1508.099976,1497.973511,53684.0,2019-07-30
4907,2019-07-31,1508.0,1524.75,1496.099976,1521.25,1511.0351560000001,77090.0,2019-07-31
4908,2019-08-01,1520.800049,1531.199951,1494.300049,1504.449951,1494.3479,42567.0,2019-08-01
4909,2019-08-02,1501.0,1549.0,1500.0,1545.199951,1534.824341,87866.0,2019-08-02
4910,2019-08-05,1540.0,1550.0,1522.199951,1524.599976,1514.362671,66699.0,2019-08-05
4911,2019-08-06,1520.0,1570.0,1520.0,1566.300049,1555.782715,71421.0,2019-08-06
4912,2019-08-07,1568.800049,1575.0,1552.0,1559.0,1548.5317380000001,56502.0,2019-08-07
4913,2019-08-08,1560.199951,1570.050049,1540.650024,1566.300049,1555.782715,64135.0,2019-08-08
4914,2019-08-09,1568.0,1581.550049,1561.400024,1575.199951,1564.622925,78081.0,2019-08-09
4915,2019-08-13,1575.0,1593.5,1567.599976,1572.75,1562.189453,89989.0,2019-08-13
4916,2019-08-14,1572.849976,1575.949951,1553.75,1569.150024,1558.6136470000001,36164.0,2019-08-14
4917,2019-08-16,1568.0,1600.0,1561.0,1597.0,1586.276611,45123.0,2019-08-16
4918,2019-08-19,1601.75,1609.400024,1582.25,1586.550049,1575.8967289999998,49771.0,2019-08-19
4919,2019-08-20,1584.0,1599.050049,1583.300049,1595.050049,1584.3396,27969.0,2019-08-20
4920,2019-08-21,1590.0,1595.0,1580.0,1589.449951,1578.7772220000002,24031.0,2019-08-21
4921,2019-08-22,1590.0,1593.900024,1567.0,1570.349976,1559.80542,30208.0,2019-08-22
4922,2019-08-23,1565.0,1583.099976,1556.0,1579.75,1569.142334,51085.0,2019-08-23
4923,2019-08-26,1595.0,1601.300049,1577.449951,1597.900024,1587.170532,25374.0,2019-08-26
4924,2019-08-27,1599.5,1606.75,1586.699951,1601.150024,1590.398682,65667.0,2019-08-27
4925,2019-08-28,1600.0,1606.150024,1590.800049,1603.699951,1592.931519,26545.0,2019-08-28
4926,2019-08-29,1604.0,1620.0,1589.5,1615.400024,1604.5529789999998,44727.0,2019-08-29
4927,2019-08-30,1615.0,1621.949951,1595.75,1615.199951,1604.35437,29379.0,2019-08-30
4928,2019-09-03,1608.0,1609.0,1574.349976,1576.5,1565.9141849999999,29175.0,2019-09-03
4929,2019-09-04,1588.0,1588.0,1527.900024,1534.900024,1524.5935060000002,40724.0,2019-09-04
4930,2019-09-05,1537.599976,1545.800049,1516.0,1520.150024,1509.942505,37331.0,2019-09-05
4931,2019-09-06,1518.5,1540.0,1518.5,1532.650024,1522.358643,29013.0,2019-09-06
4932,2019-09-09,1531.0,1543.949951,1524.900024,1540.800049,1530.453979,53314.0,2019-09-09
4933,2019-09-11,1544.099976,1564.5,1543.599976,1561.300049,1550.8164060000001,29999.0,2019-09-11
4934,2019-09-12,1574.0,1574.0,1537.449951,1539.599976,1529.2619630000002,24122.0,2019-09-12
4935,2019-09-13,1537.0,1552.349976,1528.300049,1547.949951,1537.555908,25561.0,2019-09-13
4936,2019-09-16,1515.0,1525.949951,1501.25,1520.550049,1510.3398439999999,38289.0,2019-09-16
4937,2019-09-17,1525.0,1542.949951,1519.25,1531.050049,1520.769409,35837.0,2019-09-17
4938,2019-09-18,1542.0,1560.849976,1536.300049,1548.099976,1537.704956,36898.0,2019-09-18
4939,2019-09-19,1550.0,1563.300049,1545.150024,1554.349976,1543.912964,50857.0,2019-09-19
4940,2019-09-20,1554.400024,1724.0,1541.949951,1672.349976,1661.120605,188884.0,2019-09-20
4941,2019-09-23,1690.0,1819.550049,1690.0,1804.25,1792.1348879999998,235460.0,2019-09-23
4942,2019-09-24,1802.0999760000002,1802.0999760000002,1752.0,1766.949951,1755.085327,52867.0,2019-09-24
4943,2019-09-25,1781.0,1781.0,1728.199951,1752.4000239999998,1740.633057,37830.0,2019-09-25
4944,2019-09-26,1756.050049,1778.75,1752.0,1770.699951,1758.8101809999998,41655.0,2019-09-26
4945,2019-09-27,1770.0,1780.4000239999998,1736.4000239999998,1776.25,1764.3228760000002,39097.0,2019-09-27
4946,2019-09-30,1772.0,1772.0,1738.5,1763.699951,1751.8570559999998,26551.0,2019-09-30
4947,2019-10-01,1767.3499760000002,1799.0,1758.0,1764.699951,1752.850464,76263.0,2019-10-01
4948,2019-10-03,1764.699951,1766.4000239999998,1733.25,1749.25,1737.504272,39156.0,2019-10-03
4949,2019-10-04,1752.0,1760.0,1717.550049,1724.75,1713.168701,25278.0,2019-10-04
4950,2019-10-07,1724.0,1743.0,1717.800049,1722.5999760000002,1711.0332030000002,40018.0,2019-10-07
4951,2019-10-09,1723.0,1777.4000239999998,1723.0,1773.1500239999998,1761.2437739999998,36346.0,2019-10-09
4952,2019-10-10,1770.0,1793.25,1758.8499760000002,1778.449951,1766.508057,37922.0,2019-10-10
4953,2019-10-11,1782.0,1801.5999760000002,1764.550049,1790.0,1777.980713,33981.0,2019-10-11
4954,2019-10-14,1789.0,1806.1500239999998,1785.0,1797.6500239999998,1785.5792239999998,33469.0,2019-10-14
4955,2019-10-15,1797.0,1824.1500239999998,1797.0,1802.5,1790.3966059999998,53941.0,2019-10-15
4956,2019-10-16,1808.0,1813.9000239999998,1757.3499760000002,1765.699951,1753.84375,35320.0,2019-10-16
4957,2019-10-17,1768.300049,1816.4000239999998,1755.6500239999998,1812.949951,1800.776489,39796.0,2019-10-17
4958,2019-10-18,1812.949951,1823.8499760000002,1788.699951,1816.5999760000002,1804.401978,36016.0,2019-10-18
4959,2019-10-22,1817.050049,1821.5999760000002,1775.5999760000002,1779.800049,1767.8491210000002,50540.0,2019-10-22
4960,2019-10-23,1765.0,1800.9000239999998,1763.199951,1766.4000239999998,1754.539185,59710.0,2019-10-23
4961,2019-10-24,1777.0,1794.800049,1753.9000239999998,1790.75,1778.725586,39297.0,2019-10-24
4962,2019-10-25,1791.0,1808.949951,1785.050049,1797.0,1784.933594,81860.0,2019-10-25
4964,2019-10-29,1793.0,1819.5,1774.0,1814.800049,1802.614136,57674.0,2019-10-29
4965,2019-10-30,1823.0,1827.0,1804.449951,1821.300049,1812.4161379999998,33456.0,2019-10-30
4966,2019-10-31,1825.300049,1833.6500239999998,1804.25,1810.75,1801.917603,21191.0,2019-10-31
4967,2019-11-01,1801.0,1821.4000239999998,1761.9000239999998,1765.949951,1757.33606,49397.0,2019-11-01
4968,2019-11-04,1776.9000239999998,1790.0,1766.449951,1785.6500239999998,1776.940063,23767.0,2019-11-04
4969,2019-11-05,1784.9000239999998,1797.949951,1767.550049,1794.5999760000002,1785.846191,30360.0,2019-11-05
4970,2019-11-06,1784.550049,1814.75,1781.6500239999998,1798.3499760000002,1789.578003,59570.0,2019-11-06
4971,2019-11-07,1804.0,1830.5,1798.1500239999998,1826.6500239999998,1817.7399899999998,60768.0,2019-11-07
4972,2019-11-08,1825.0,1827.199951,1791.75,1794.550049,1785.796631,57071.0,2019-11-08
4973,2019-11-11,1793.0,1793.550049,1768.4000239999998,1773.800049,1765.147827,31636.0,2019-11-11
4974,2019-11-13,1775.0,1786.5,1756.949951,1770.4000239999998,1761.764404,30488.0,2019-11-13
4975,2019-11-14,1771.0,1799.199951,1767.050049,1775.0999760000002,1766.441406,81018.0,2019-11-14
4976,2019-11-15,1780.0,1783.75,1757.4000239999998,1761.6500239999998,1753.0571289999998,20780.0,2019-11-15
4977,2019-11-18,1766.0,1766.0,1734.8499760000002,1738.800049,1730.3186039999998,43677.0,2019-11-18
4978,2019-11-19,1740.0999760000002,1746.75,1719.199951,1721.0,1712.605347,191367.0,2019-11-19
4979,2019-11-20,1740.0,1748.4000239999998,1716.550049,1722.800049,1714.3966059999998,59062.0,2019-11-20
4980,2019-11-21,1723.1500239999998,1733.550049,1711.050049,1719.800049,1711.411255,116324.0,2019-11-21
4981,2019-11-22,1715.0,1715.0,1676.25,1682.4000239999998,1674.1936039999998,82012.0,2019-11-22
4982,2019-11-25,1685.0,1719.9000239999998,1666.0,1708.550049,1700.216064,63704.0,2019-11-25
4983,2019-11-26,1722.9000239999998,1728.300049,1687.8499760000002,1710.5999760000002,1702.2559809999998,36099.0,2019-11-26
4984,2019-11-27,1710.699951,1730.550049,1705.6500239999998,1715.699951,1707.331055,28321.0,2019-11-27
4985,2019-11-28,1728.5,1728.5,1702.199951,1713.449951,1705.092041,22812.0,2019-11-28
4986,2019-11-29,1715.0,1719.199951,1678.800049,1704.0,1695.688232,32884.0,2019-11-29
4987,2019-12-02,1704.0,1743.0999760000002,1698.0999760000002,1738.300049,1729.820923,46859.0,2019-12-02
4988,2019-12-03,1741.949951,1750.0,1724.949951,1737.0999760000002,1728.6268309999998,179743.0,2019-12-03
4989,2019-12-04,1728.6500239999998,1733.949951,1711.0999760000002,1720.5999760000002,1712.207275,33220.0,2019-12-04
4990,2019-12-05,1739.949951,1739.949951,1707.8499760000002,1714.8499760000002,1706.485229,27006.0,2019-12-05
4991,2019-12-06,1714.0,1747.5,1713.0,1717.3499760000002,1708.973022,34823.0,2019-12-06
4992,2019-12-09,1721.5,1732.300049,1711.1500239999998,1726.449951,1718.028687,65699.0,2019-12-09
4993,2019-12-10,1730.9000239999998,1731.75,1710.0,1713.4000239999998,1705.04248,16006.0,2019-12-10
4994,2019-12-11,1705.1500239999998,1742.0,1705.1500239999998,1737.699951,1729.223877,59669.0,2019-12-11
4995,2019-12-12,1743.0,1753.9000239999998,1728.050049,1751.0,1742.4589839999999,46461.0,2019-12-12
4996,2019-12-13,1754.0,1757.550049,1737.0,1744.0,1735.493164,41599.0,2019-12-13
4997,2019-12-16,1758.0,1758.0,1728.050049,1731.6500239999998,1723.203369,54822.0,2019-12-16
4998,2019-12-17,1740.0,1749.0,1731.6500239999998,1745.300049,1736.7868649999998,12369.0,2019-12-17
4999,2019-12-18,1741.550049,1782.0,1734.800049,1778.550049,1769.874634,1185201.0,2019-12-18
5000,2019-12-19,1783.0,1807.550049,1778.5,1802.0,1793.210205,60524.0,2019-12-19
5001,2019-12-20,1809.800049,1809.800049,1796.0,1798.550049,1789.7771,59466.0,2019-12-20
5002,2019-12-23,1790.0,1814.0,1787.050049,1807.449951,1798.6336670000003,26786.0,2019-12-23
5003,2019-12-24,1810.0,1825.9000239999998,1798.800049,1803.4000239999998,1794.6033940000002,24865.0,2019-12-24
5004,2019-12-26,1800.8499760000002,1818.9000239999998,1798.0999760000002,1810.0999760000002,1801.270752,20134.0,2019-12-26
5005,2019-12-27,1810.0,1825.75,1801.0,1812.949951,1804.106812,21616.0,2019-12-27
5006,2019-12-30,1812.949951,1816.800049,1799.0,1802.4000239999998,1793.6082760000002,14226.0,2019-12-30
5007,2019-12-31,1802.6500239999998,1803.0,1781.1500239999998,1786.8499760000002,1778.1340329999998,26590.0,2019-12-31
5008,2020-01-01,1790.1500239999998,1803.0,1785.0,1793.75,1785.000366,32156.0,2020-01-01
5009,2020-01-02,1790.5999760000002,1800.0,1785.0,1790.25,1781.5175780000002,22940.0,2020-01-02
5010,2020-01-03,1788.0,1788.0,1747.25,1751.6500239999998,1743.105835,26202.0,2020-01-03
5011,2020-01-06,1744.9000239999998,1744.9000239999998,1694.0,1707.5,1699.171143,68842.0,2020-01-06
5012,2020-01-07,1708.300049,1740.800049,1708.300049,1723.9000239999998,1715.491211,20856.0,2020-01-07
5013,2020-01-08,1699.0,1737.300049,1695.300049,1730.8499760000002,1722.407227,13901.0,2020-01-08
5014,2020-01-09,1760.0,1775.300049,1741.6500239999998,1773.0,1764.351685,39988.0,2020-01-09
5015,2020-01-10,1773.0,1796.5999760000002,1760.3499760000002,1791.050049,1782.313721,35343.0,2020-01-10
5016,2020-01-13,1798.0,1807.0,1795.050049,1805.25,1796.4444579999997,15781.0,2020-01-13
5017,2020-01-14,1809.0,1822.75,1805.949951,1818.550049,1809.679565,46705.0,2020-01-14
5018,2020-01-15,1815.8499760000002,1845.9000239999998,1810.4000239999998,1841.75,1832.766235,39854.0,2020-01-15
5019,2020-01-16,1838.199951,1845.0,1829.75,1834.949951,1825.99939,22335.0,2020-01-16
5020,2020-01-17,1836.0,1839.3499760000002,1815.9000239999998,1831.199951,1822.2677,16607.0,2020-01-17
5021,2020-01-20,1832.0,1861.949951,1832.0,1848.5999760000002,1839.582886,53382.0,2020-01-20
5022,2020-01-21,1847.0,1847.0,1794.75,1810.25,1801.4200440000002,62675.0,2020-01-21
5023,2020-01-22,1818.0,1818.0,1769.5999760000002,1778.300049,1769.625854,92872.0,2020-01-22
5024,2020-01-23,1783.5,1788.3499760000002,1758.0,1775.300049,1766.640625,45843.0,2020-01-23
5025,2020-01-24,1777.0,1800.0,1777.0,1786.0999760000002,1777.3878170000003,47531.0,2020-01-24
5026,2020-01-27,1793.0,1805.25,1779.9000239999998,1787.050049,1778.333252,42583.0,2020-01-27
5027,2020-01-28,1797.0,1797.0,1773.5,1778.699951,1770.023804,53037.0,2020-01-28
5028,2020-01-29,1788.0,1803.0,1781.0999760000002,1796.5,1787.737061,16350.0,2020-01-29
5029,2020-01-30,1807.0,1809.0,1786.800049,1805.4000239999998,1796.593628,22427.0,2020-01-30
5030,2020-01-31,1810.0,1823.050049,1789.050049,1795.25,1786.493164,20551.0,2020-01-31
5031,2020-02-03,1766.0,1872.5,1766.0,1867.4000239999998,1858.2911379999998,85199.0,2020-02-03
5032,2020-02-04,1871.0,1896.0,1856.0,1890.8499760000002,1881.626709,74140.0,2020-02-04
5033,2020-02-05,1890.8499760000002,1890.8499760000002,1867.0,1872.300049,1863.167358,36156.0,2020-02-05
5034,2020-02-06,1865.5,1882.800049,1846.300049,1861.0,1851.922485,3597728.0,2020-02-06
5035,2020-02-07,1863.0,1876.800049,1851.5,1857.550049,1848.4892579999998,1369910.0,2020-02-07
5036,2020-02-10,1860.699951,1872.4000239999998,1838.4000239999998,1870.3499760000002,1861.226807,21056.0,2020-02-10
5037,2020-02-11,1875.1500239999998,1894.0,1872.9000239999998,1877.1500239999998,1867.9936519999999,64006.0,2020-02-11
5038,2020-02-12,1875.0,1915.6500239999998,1875.0,1892.050049,1882.821045,88864.0,2020-02-12
5039,2020-02-13,1894.0,1902.25,1868.800049,1874.050049,1864.908936,43418.0,2020-02-13
5040,2020-02-14,1883.949951,1900.0,1870.300049,1877.199951,1868.043335,26069.0,2020-02-14
5041,2020-02-17,1877.25,1893.800049,1871.9000239999998,1881.3499760000002,1872.173218,12018.0,2020-02-17
5042,2020-02-18,1880.0,1884.800049,1862.0,1863.300049,1854.211304,47686.0,2020-02-18
5043,2020-02-19,1865.050049,1892.3499760000002,1852.6500239999998,1886.25,1877.049316,88461.0,2020-02-19
5044,2020-02-20,1885.0,1885.0,1840.0,1842.8499760000002,1833.8608399999998,42160.0,2020-02-20
5045,2020-02-24,1842.8499760000002,1854.0,1813.0,1818.75,1809.87854,51065.0,2020-02-24
5046,2020-02-25,1830.050049,1842.8499760000002,1821.0,1825.25,1816.346802,11010.0,2020-02-25
5047,2020-02-26,1830.0,1843.550049,1821.0,1826.550049,1817.640503,27161.0,2020-02-26
5048,2020-02-27,1827.0,1852.5,1812.1500239999998,1844.3499760000002,1835.3536379999998,32008.0,2020-02-27
5049,2020-02-28,1832.0,1841.0,1783.6500239999998,1798.199951,1789.428711,50582.0,2020-02-28
5050,2020-03-02,1810.0,1838.0,1768.8499760000002,1788.550049,1779.8259280000002,148962.0,2020-03-02
5051,2020-03-03,1789.5999760000002,1816.0,1768.0,1801.6500239999998,1800.057861,136660.0,2020-03-03
5052,2020-03-04,1805.0,1857.199951,1805.0,1849.8499760000002,1848.21521,60214.0,2020-03-04
5053,2020-03-05,1854.0,1882.0,1850.050049,1875.449951,1873.792603,31033.0,2020-03-05
5054,2020-03-06,1851.0,1884.5,1837.0,1878.5,1876.839966,42355.0,2020-03-06
5055,2020-03-09,1878.5,1878.5,1878.5,1878.5,1876.839966,0.0,2020-03-09
5056,2020-03-11,1879.0,1905.0,1852.550049,1882.6500239999998,1880.9863280000002,62767.0,2020-03-11
5057,2020-03-12,1870.0,1873.9000239999998,1815.800049,1842.8499760000002,1841.221436,268912.0,2020-03-12
5058,2020-03-13,1794.0,1844.1500239999998,1658.599976,1797.5999760000002,1796.011475,140881.0,2020-03-13
5059,2020-03-16,1785.0,1785.0,1678.050049,1682.949951,1681.4627690000002,86263.0,2020-03-16
5060,2020-03-17,1691.0999760000002,1778.949951,1670.0,1734.199951,1732.66748,101591.0,2020-03-17
5061,2020-03-18,1734.0,1755.5999760000002,1608.75,1616.650024,1615.221436,183350.0,2020-03-18
5062,2020-03-19,1575.0,1651.5,1431.849976,1603.0,1601.583374,558859.0,2020-03-19
5063,2020-03-20,1614.0,1757.449951,1574.150024,1745.8499760000002,1744.3071289999998,115069.0,2020-03-20
5064,2020-03-23,1599.0,1682.699951,1491.0,1498.75,1497.4255369999998,109927.0,2020-03-23
5065,2020-03-24,1522.0,1648.599976,1454.349976,1525.25,1523.9021,114125.0,2020-03-24
5066,2020-03-25,1500.0,1605.099976,1450.0,1594.050049,1592.641357,79503.0,2020-03-25
5067,2020-03-26,1647.800049,1690.0,1572.900024,1629.699951,1628.2597660000001,121252.0,2020-03-26
5068,2020-03-27,1660.0,1665.75,1550.0,1606.199951,1604.780518,807798.0,2020-03-27
5069,2020-03-30,1592.0,1619.0,1561.0,1597.150024,1595.7386470000001,160094.0,2020-03-30
5070,2020-03-31,1650.0,1689.0,1603.050049,1666.699951,1665.227051,61896.0,2020-03-31
5071,2020-04-01,1651.0,1655.0,1585.050049,1603.900024,1602.482666,55464.0,2020-04-01
5072,2020-04-03,1624.0,1624.0,1517.449951,1521.300049,1519.955688,69260.0,2020-04-03
5073,2020-04-07,1549.0,1634.150024,1537.800049,1624.050049,1622.614868,84665.0,2020-04-07
5074,2020-04-08,1637.949951,1686.050049,1600.300049,1609.599976,1608.177612,61629.0,2020-04-08
5075,2020-04-09,1658.0,1678.199951,1620.75,1652.449951,1650.989624,47989.0,2020-04-09
5076,2020-04-13,1649.0,1701.75,1603.050049,1679.3499760000002,1677.8659670000002,63144.0,2020-04-13
5077,2020-04-15,1713.0,1737.199951,1683.949951,1718.4000239999998,1716.88147,52937.0,2020-04-15
5078,2020-04-16,1640.0,1751.949951,1640.0,1742.3499760000002,1740.8103030000002,57616.0,2020-04-16
5079,2020-04-17,1769.949951,1783.1500239999998,1728.0,1754.5999760000002,1753.049438,38282.0,2020-04-17
5080,2020-04-20,1757.0,1757.0,1706.300049,1731.6500239999998,1730.1197510000002,37285.0,2020-04-20
5081,2020-04-21,1700.0,1752.75,1700.0,1725.5999760000002,1724.075073,36059.0,2020-04-21
5082,2020-04-22,1707.0,1821.5,1707.0,1812.6500239999998,1811.048218,72275.0,2020-04-22
5083,2020-04-23,1810.0,1845.0,1749.0,1820.4000239999998,1818.791382,131943.0,2020-04-23
5084,2020-04-24,1819.0,1842.5,1815.0,1827.4000239999998,1825.785156,44473.0,2020-04-24
5085,2020-04-27,1830.199951,1860.0,1818.5,1852.300049,1850.6632079999997,38365.0,2020-04-27
5086,2020-04-28,1849.9000239999998,1862.5,1807.050049,1824.199951,1822.5878910000001,51777.0,2020-04-28
5087,2020-04-29,1855.0,1855.0,1757.0,1768.0,1766.437622,76324.0,2020-04-29
5088,2020-04-30,1790.0,1795.75,1741.550049,1760.050049,1758.4947510000002,71840.0,2020-04-30
5089,2020-05-04,1748.0,1751.0,1672.25,1676.199951,1674.71875,105552.0,2020-05-04
5090,2020-05-05,1681.3499760000002,1693.300049,1578.5,1618.550049,1617.119751,129793.0,2020-05-05
5091,2020-05-06,1611.0,1637.650024,1578.449951,1610.599976,1609.176636,261964.0,2020-05-06
5092,2020-05-07,1610.0,1627.650024,1546.25,1593.949951,1592.541382,123689.0,2020-05-07
5093,2020-05-08,1615.0,1636.75,1570.0,1577.900024,1576.505615,142098.0,2020-05-08
5094,2020-05-11,1580.0,1601.099976,1555.0,1569.25,1567.8632810000001,98329.0,2020-05-11
5095,2020-05-12,1537.800049,1543.400024,1511.949951,1523.199951,1521.853882,151244.0,2020-05-12
5096,2020-05-13,1575.0,1575.050049,1533.849976,1562.900024,1561.518921,78146.0,2020-05-13
5097,2020-05-14,1554.949951,1556.300049,1518.0,1522.150024,1520.804932,61253.0,2020-05-14
5098,2020-05-15,1530.0,1559.599976,1510.150024,1553.75,1552.376953,63913.0,2020-05-15
5099,2020-05-18,1564.0,1564.0,1498.699951,1501.150024,1499.823486,74506.0,2020-05-18
5100,2020-05-19,1506.300049,1516.650024,1482.849976,1505.75,1504.419312,85162.0,2020-05-19
5101,2020-05-20,1500.5,1514.199951,1494.0,1500.449951,1499.124023,50292.0,2020-05-20
5102,2020-05-21,1501.0,1582.0,1501.0,1575.0,1573.608154,115726.0,2020-05-21
5103,2020-05-22,1571.0,1624.75,1556.0,1617.849976,1616.420288,121081.0,2020-05-22
5104,2020-05-26,1625.0,1656.0,1621.449951,1630.5,1629.059082,77530.0,2020-05-26
5105,2020-05-27,1628.150024,1637.550049,1596.849976,1619.75,1618.3186039999998,44186.0,2020-05-27
5106,2020-05-28,1621.0,1657.0,1616.599976,1643.75,1642.2973630000001,62689.0,2020-05-28
5107,2020-05-29,1643.5,1697.949951,1634.75,1684.4000239999998,1682.9114989999998,67099.0,2020-05-29
5108,2020-06-01,1693.449951,1710.0,1682.0,1693.5,1692.003418,64045.0,2020-06-01
5109,2020-06-02,1693.5,1732.3499760000002,1681.449951,1709.8499760000002,1708.338989,49661.0,2020-06-02
5110,2020-06-03,1723.0,1738.0999760000002,1705.9000239999998,1716.300049,1714.783325,45143.0,2020-06-03
5111,2020-06-04,1727.0,1727.0,1626.599976,1633.0,1631.556885,132298.0,2020-06-04
5112,2020-06-05,1654.0,1658.800049,1621.349976,1638.400024,1636.952148,72995.0,2020-06-05
5113,2020-06-08,1654.0,1665.75,1629.0,1634.449951,1633.005615,135494.0,2020-06-08
5114,2020-06-09,1653.0,1694.300049,1638.0,1641.550049,1640.099365,94930.0,2020-06-09
5115,2020-06-10,1642.0,1680.800049,1628.300049,1636.199951,1634.7540279999998,54345.0,2020-06-10
5116,2020-06-11,1636.0,1645.25,1606.650024,1609.550049,1608.127686,42854.0,2020-06-11
5117,2020-06-12,1586.5,1642.599976,1575.0,1637.949951,1636.502441,55787.0,2020-06-12
5118,2020-06-15,1635.0,1650.699951,1602.300049,1618.050049,1616.620239,41365.0,2020-06-15
5119,2020-06-16,1640.0,1640.0,1608.75,1621.050049,1619.617554,74648.0,2020-06-16
5120,2020-06-17,1619.800049,1622.550049,1591.0,1596.099976,1594.689453,40030.0,2020-06-17
5121,2020-06-18,1601.800049,1612.0,1588.050049,1598.900024,1597.487061,58275.0,2020-06-18
5122,2020-06-19,1595.0,1630.0,1592.550049,1622.25,1620.8164060000001,77035.0,2020-06-19
5123,2020-06-22,1632.0,1673.0,1624.550049,1653.449951,1651.98877,53386.0,2020-06-22
5124,2020-06-23,1655.550049,1688.0,1641.150024,1683.6500239999998,1682.1622309999998,93279.0,2020-06-23
5125,2020-06-24,1689.0,1813.0999760000002,1686.199951,1746.4000239999998,1744.856689,297632.0,2020-06-24
5126,2020-06-25,1730.5,1746.300049,1683.8499760000002,1688.8499760000002,1687.3575440000002,90372.0,2020-06-25
5127,2020-06-26,1712.0,1713.6500239999998,1670.199951,1687.3499760000002,1685.858887,71045.0,2020-06-26
5128,2020-06-29,1689.0,1708.0,1674.650024,1691.949951,1690.454834,88399.0,2020-06-29
5129,2020-06-30,1709.699951,1717.5,1682.3499760000002,1687.3499760000002,1685.858887,55664.0,2020-06-30
5130,2020-07-01,1685.0,1697.699951,1681.0,1688.0999760000002,1686.608154,36789.0,2020-07-01
5131,2020-07-02,1693.0,1703.699951,1660.300049,1686.699951,1685.2094730000001,73280.0,2020-07-02
5132,2020-07-03,1689.0,1719.800049,1689.0,1696.0999760000002,1694.601074,74355.0,2020-07-03
5133,2020-07-06,1703.5,1710.9000239999998,1692.5,1708.3499760000002,1706.840332,63840.0,2020-07-06
5134,2020-07-07,1714.0,1748.800049,1709.0,1745.449951,1743.907471,90193.0,2020-07-07
5135,2020-07-08,1753.0,1760.5,1681.0,1686.5999760000002,1685.109497,69263.0,2020-07-08
5136,2020-07-09,1690.0,1721.4000239999998,1690.0,1716.800049,1715.282959,79237.0,2020-07-09
5137,2020-07-10,1713.699951,1713.699951,1695.0,1703.050049,1701.5450440000002,22732.0,2020-07-10
5138,2020-07-13,1704.0,1732.0,1700.8499760000002,1705.6500239999998,1704.1427,38693.0,2020-07-13
5139,2020-07-14,1706.0,1717.199951,1682.75,1688.449951,1686.957886,38955.0,2020-07-14
5140,2020-07-15,1695.0,1712.8499760000002,1663.449951,1671.300049,1669.82312,96356.0,2020-07-15
5141,2020-07-16,1692.0,1697.0,1645.900024,1692.6500239999998,1691.154175,39730.0,2020-07-16
5142,2020-07-17,1707.0,1742.0,1686.699951,1717.949951,1716.4317629999998,63342.0,2020-07-17
5143,2020-07-20,1725.0,1756.8499760000002,1722.0,1751.949951,1750.401733,86703.0,2020-07-20
5144,2020-07-21,1761.0,1771.699951,1718.9000239999998,1723.5999760000002,1722.076782,78099.0,2020-07-21
5145,2020-07-22,1723.5999760000002,1736.0,1691.0999760000002,1697.449951,1695.949951,36578.0,2020-07-22
5146,2020-07-23,1685.050049,1739.25,1685.050049,1727.4000239999998,1727.4000239999998,115643.0,2020-07-23
5147,2020-07-24,1727.0,1727.0,1683.0,1710.949951,1710.949951,92677.0,2020-07-24
5148,2020-07-27,1718.0999760000002,1788.0,1718.0999760000002,1777.75,1777.75,224535.0,2020-07-27
5149,2020-07-28,1778.0,1792.199951,1752.0,1759.5999760000002,1759.5999760000002,56792.0,2020-07-28
5150,2020-07-29,1766.0999760000002,1779.0,1731.199951,1737.449951,1737.449951,32540.0,2020-07-29
5151,2020-07-30,1746.0,1778.4000239999998,1729.0,1743.0999760000002,1743.0999760000002,47620.0,2020-07-30
5152,2020-07-31,1750.0,1770.0,1710.199951,1716.6500239999998,1716.6500239999998,35565.0,2020-07-31
5153,2020-08-03,1720.0999760000002,1733.550049,1697.5,1704.949951,1704.949951,47093.0,2020-08-03
5154,2020-08-04,1725.0,1734.8499760000002,1708.9000239999998,1714.300049,1714.300049,285694.0,2020-08-04
5155,2020-08-05,1723.0,1741.0,1713.1500239999998,1717.1500239999998,1717.1500239999998,46806.0,2020-08-05
5156,2020-08-06,1725.0999760000002,1752.0,1721.0,1728.25,1728.25,50206.0,2020-08-06
5157,2020-08-07,1729.9000239999998,1816.5,1727.550049,1805.050049,1805.050049,219617.0,2020-08-07
5158,2020-08-10,1815.800049,1823.949951,1778.199951,1782.449951,1782.449951,61959.0,2020-08-10
5159,2020-08-11,1795.0,1836.75,1781.0,1789.550049,1789.550049,133968.0,2020-08-11
5160,2020-08-12,1785.0,1805.3499760000002,1771.4000239999998,1796.75,1796.75,43121.0,2020-08-12
5161,2020-08-13,1804.0,1814.9000239999998,1793.699951,1802.1500239999998,1802.1500239999998,33880.0,2020-08-13
5162,2020-08-14,1806.0,1829.6500239999998,1795.6500239999998,1801.5999760000002,1801.5999760000002,209020.0,2020-08-14
5163,2020-08-17,1825.0,1841.699951,1801.8499760000002,1835.8499760000002,1835.8499760000002,49547.0,2020-08-17
5164,2020-08-18,1836.0,1883.0,1832.1500239999998,1873.5999760000002,1873.5999760000002,79513.0,2020-08-18
5165,2020-08-19,1884.0,1902.0999760000002,1873.6500239999998,1885.699951,1885.699951,43889.0,2020-08-19
5166,2020-08-20,1870.0,1880.0,1817.800049,1875.25,1875.25,26325.0,2020-08-20
5167,2020-08-21,1880.5,1971.0,1880.5,1958.3499760000002,1958.3499760000002,203246.0,2020-08-21
5168,2020-08-24,1956.5,1994.75,1940.0,1963.25,1963.25,110157.0,2020-08-24
5169,2020-08-25,1956.0,2015.949951,1956.0,2001.0,2001.0,98984.0,2020-08-25
5170,2020-08-26,2002.0,2009.4000239999998,1956.0,1971.050049,1971.050049,88476.0,2020-08-26
5171,2020-08-27,1976.5,2008.4000239999998,1970.3499760000002,1982.0,1982.0,55384.0,2020-08-27
5172,2020-08-28,1996.0,1997.949951,1954.3499760000002,1957.699951,1957.699951,43587.0,2020-08-28
5173,2020-08-31,1982.9000239999998,1982.9000239999998,1883.5,1903.4000239999998,1903.4000239999998,50229.0,2020-08-31
5174,2020-09-01,1923.0,1986.8499760000002,1911.0,1978.199951,1978.199951,87871.0,2020-09-01
5175,2020-09-02,1930.0,1995.6500239999998,1926.199951,1946.0,1946.0,80775.0,2020-09-02
5176,2020-09-03,1952.8499760000002,1987.3499760000002,1945.5999760000002,1978.449951,1978.449951,67113.0,2020-09-03
5177,2020-09-04,1910.0,1992.3499760000002,1910.0,1956.0,1956.0,85206.0,2020-09-04
5178,2020-09-07,1979.0,2003.800049,1948.1500239999998,1981.949951,1981.949951,59448.0,2020-09-07
5179,2020-09-08,1985.5,2001.0,1950.949951,1958.1500239999998,1958.1500239999998,67393.0,2020-09-08
5180,2020-09-09,1979.9000239999998,1992.6500239999998,1958.199951,1978.800049,1978.800049,58760.0,2020-09-09
5181,2020-09-10,1988.0,2087.75,1982.3499760000002,2062.899902,2062.899902,152547.0,2020-09-10
5182,2020-09-11,2064.0,2068.149902,2022.5,2035.199951,2035.199951,87300.0,2020-09-11
5183,2020-09-14,2059.800049,2059.800049,2005.0999760000002,2031.550049,2031.550049,62756.0,2020-09-14
5184,2020-09-15,2045.0,2049.050049,2009.949951,2016.949951,2016.949951,45482.0,2020-09-15
5185,2020-09-16,2034.0,2034.0,1995.300049,2014.550049,2014.550049,35474.0,2020-09-16
5186,2020-09-17,2005.0,2045.0,1999.75,2008.4000239999998,2008.4000239999998,81431.0,2020-09-17
5187,2020-09-18,2011.0,2043.25,2011.0,2028.800049,2028.800049,59763.0,2020-09-18
5188,2020-09-21,2040.0,2056.399902,1963.449951,1972.699951,1972.699951,98479.0,2020-09-21
5189,2020-09-22,1987.0,1995.75,1930.0,1935.800049,1935.800049,94490.0,2020-09-22
5190,2020-09-23,1949.0,1989.0,1928.6500239999998,1946.5,1946.5,80646.0,2020-09-23
