Date,Open,High,Low,Close,Adj Close,Volume
2018-01-01,1652.0,1655.949951,1618.099976,1623.849976,1602.778809,771099.0
2018-01-02,1626.300049,1647.0,1626.099976,1643.949951,1622.617798,1392045.0
2018-01-03,1649.0,1650.0,1624.0,1630.25,1609.095581,1120860.0
2018-01-04,1638.0,1652.5,1631.0,1646.599976,1625.233521,747232.0
2018-01-05,1645.0,1703.0,1643.5,1698.199951,1676.1639400000001,1134406.0
2018-01-08,1711.0,1724.0,1700.0999760000002,1719.9000239999998,1697.58252,1489032.0
2018-01-09,1725.0,1729.949951,1706.75,1725.050049,1702.6656489999998,576106.0
2018-01-10,1724.949951,1742.550049,1711.1500239999998,1734.0999760000002,1711.598022,1223879.0
2018-01-11,1740.0,1752.0,1685.0,1700.300049,1678.236816,4145545.0
2018-01-12,1710.0,1720.449951,1688.0,1705.25,1683.122437,2057925.0
2018-01-15,1707.0999760000002,1710.300049,1675.0,1682.4000239999998,1660.56897,997313.0
2018-01-16,1691.75,1692.0,1660.0,1664.599976,1642.9998779999999,829183.0
2018-01-17,1664.099976,1678.75,1645.400024,1657.449951,1635.942627,600044.0
2018-01-18,1679.0,1707.0,1667.0,1680.0999760000002,1658.298706,2327815.0
2018-01-19,1683.0,1692.25,1670.800049,1684.0,1662.1483150000001,497099.0
2018-01-22,1684.0,1695.800049,1676.599976,1683.199951,1661.358521,820236.0
2018-01-23,1690.0,1730.0,1680.0,1723.3499760000002,1700.987671,1763797.0
2018-01-24,1725.0,1738.800049,1705.0,1717.300049,1695.016113,968956.0
2018-01-25,1723.0,1735.3499760000002,1703.699951,1730.199951,1707.748779,2169317.0
2018-01-29,1730.199951,1751.050049,1724.0,1742.5,1719.8891600000002,1232573.0
2018-01-30,1745.0,1746.8499760000002,1721.25,1736.050049,1713.522949,653937.0
2018-01-31,1735.0,1761.0,1725.0999760000002,1753.0999760000002,1730.351563,1237098.0
2018-02-01,1754.0,1817.800049,1733.8499760000002,1795.449951,1772.151978,3720115.0
2018-02-02,1774.9000239999998,1779.5,1734.199951,1761.300049,1738.44519,2192706.0
2018-02-05,1721.0,1739.050049,1683.050049,1713.0,1690.7718510000002,1600927.0
2018-02-06,1650.550049,1701.9000239999998,1644.5,1682.8499760000002,1661.013062,1846944.0
2018-02-07,1704.0,1717.1500239999998,1658.599976,1661.75,1640.18689,1423804.0
2018-02-08,1680.0,1684.949951,1662.300049,1670.849976,1649.168823,801569.0
2018-02-09,1650.0,1659.550049,1635.599976,1649.849976,1628.441284,1206481.0
2018-02-12,1649.849976,1700.0,1645.199951,1687.800049,1665.898926,864259.0
2018-02-14,1702.0,1709.5,1679.300049,1694.449951,1672.4626460000002,884974.0
2018-02-15,1696.0,1703.6500239999998,1669.0,1686.1500239999998,1664.270386,872147.0
2018-02-16,1694.0,1696.75,1650.0,1658.900024,1637.373901,1088167.0
2018-02-19,1657.800049,1657.800049,1616.0,1630.449951,1609.293091,1151645.0
2018-02-20,1632.050049,1649.050049,1618.300049,1622.699951,1601.643677,859058.0
2018-02-21,1636.0,1636.0,1590.0,1594.25,1573.562866,1425276.0
2018-02-22,1593.0,1631.0,1586.199951,1623.5,1602.43335,2073919.0
2018-02-23,1623.5,1647.849976,1619.0,1643.5,1622.173828,616552.0
2018-02-26,1648.0,1700.0,1648.0,1691.300049,1669.3535160000001,1023854.0
2018-02-27,1700.1500239999998,1703.9000239999998,1678.6500239999998,1685.199951,1663.33252,529068.0
2018-02-28,1673.900024,1688.5999760000002,1661.050049,1680.75,1658.94043,913679.0
2018-03-01,1674.75,1708.949951,1673.5,1700.3499760000002,1678.285889,760617.0
2018-03-05,1688.0,1697.75,1676.650024,1689.199951,1667.2807619999999,789108.0
2018-03-06,1705.0,1732.0,1700.050049,1710.300049,1688.106934,1674469.0
2018-03-07,1701.0,1713.949951,1686.199951,1704.25,1682.135498,1138136.0
2018-03-08,1711.9000239999998,1718.25,1682.449951,1694.1500239999998,1672.166382,1112679.0
2018-03-09,1702.0,1708.199951,1685.0,1697.550049,1675.522583,1281268.0
2018-03-12,1705.0,1738.800049,1705.0,1735.300049,1712.782593,858788.0
2018-03-13,1734.9000239999998,1751.0,1715.800049,1729.5,1707.057861,797998.0
2018-03-14,1724.0,1736.550049,1710.6500239999998,1733.3499760000002,1710.8579100000002,685008.0
2018-03-15,1733.0,1750.0,1724.0,1741.75,1719.148804,604484.0
2018-03-16,1741.0,1753.3499760000002,1720.0,1724.699951,1702.320068,2412430.0
2018-03-19,1731.0,1732.949951,1713.050049,1718.800049,1696.496704,1392321.0
2018-03-20,1711.0999760000002,1738.0,1702.0999760000002,1716.6500239999998,1694.374634,779431.0
2018-03-21,1716.6500239999998,1743.800049,1716.6500239999998,1731.449951,1708.9824219999998,1456002.0
2018-03-22,1737.800049,1762.9000239999998,1735.0999760000002,1753.0999760000002,1730.351563,1549193.0
2018-03-23,1731.0,1756.800049,1725.0,1749.5,1726.7983399999998,1854651.0
2018-03-26,1751.699951,1773.0999760000002,1748.199951,1759.75,1736.9152829999998,1796664.0
2018-03-27,1772.0,1796.0,1758.800049,1788.199951,1764.995972,852040.0
2018-03-28,1772.1500239999998,1807.0,1772.1500239999998,1796.75,1773.435059,2380088.0
2018-04-02,1801.5999760000002,1809.9000239999998,1787.5,1804.5999760000002,1781.18335,663945.0
2018-04-03,1795.0,1841.199951,1795.0,1829.699951,1805.957642,1152587.0
2018-04-04,1830.0,1839.449951,1792.5999760000002,1799.3499760000002,1776.001343,732382.0
2018-04-05,1832.699951,1841.5999760000002,1812.0,1836.949951,1813.113525,613812.0
2018-04-06,1837.9000239999998,1838.949951,1814.0,1824.1500239999998,1800.479736,498517.0
2018-04-09,1829.9000239999998,1869.199951,1826.199951,1860.0999760000002,1835.9630129999998,1148635.0
2018-04-10,1865.0,1870.0,1845.0,1847.949951,1823.970825,610933.0
2018-04-11,1850.0,1860.0999760000002,1838.050049,1855.75,1831.6695559999998,470440.0
2018-04-12,1852.0,1864.5,1846.25,1857.800049,1833.692993,403510.0
2018-04-13,1857.0,1871.9000239999998,1842.8499760000002,1861.300049,1837.1475829999997,408479.0
2018-04-16,1858.800049,1872.75,1852.6500239999998,1864.6500239999998,1840.454102,636242.0
2018-04-17,1864.6500239999998,1878.3499760000002,1855.6500239999998,1866.8499760000002,1842.625488,405779.0
2018-04-18,1871.0,1873.199951,1836.0,1843.5999760000002,1819.6771239999998,576214.0
2018-04-19,1853.0,1868.949951,1802.3499760000002,1832.949951,1809.165405,2259972.0
2018-04-20,1844.0,1844.0,1801.0999760000002,1812.8499760000002,1789.3262940000002,1819822.0
2018-04-23,1814.4000239999998,1885.4000239999998,1808.800049,1874.4000239999998,1850.077637,1620444.0
2018-04-24,1878.9000239999998,1887.9000239999998,1855.5999760000002,1877.4000239999998,1853.038696,1109545.0
2018-04-25,1874.0,1877.5999760000002,1845.300049,1847.75,1823.773315,809675.0
2018-04-26,1850.0,1900.0,1844.0,1881.9000239999998,1857.480225,2077102.0
2018-04-27,1882.949951,1896.4000239999998,1864.0,1884.699951,1860.2438960000002,567026.0
2018-04-30,1881.0,1903.199951,1880.0,1898.0,1873.371338,466913.0
2018-05-02,1895.0,1899.449951,1861.699951,1868.300049,1844.0567629999998,1320018.0
2018-05-03,1863.0,1884.0,1851.0999760000002,1878.1500239999998,1853.7789309999998,1200445.0
2018-05-04,1878.5,1898.0,1870.300049,1891.1500239999998,1866.610229,752654.0
2018-05-07,1893.5,1900.050049,1881.0,1889.800049,1865.27771,2126759.0
2018-05-08,1892.0999760000002,1893.0,1843.0,1869.5999760000002,1845.339844,1401495.0
2018-05-09,1869.5999760000002,1890.0,1860.25,1879.0999760000002,1854.7165530000002,1375815.0
2018-05-10,1879.0999760000002,1910.949951,1855.0,1885.3499760000002,1860.885498,2716101.0
2018-05-11,1890.050049,1897.9000239999998,1873.5999760000002,1894.25,1869.6700440000002,542317.0
2018-05-14,1886.0,1918.3499760000002,1886.0,1915.0,1890.1508789999998,497437.0
2018-05-15,1919.0,1951.5,1905.0999760000002,1916.949951,1892.075439,1198159.0
2018-05-16,1911.5999760000002,1939.199951,1900.0,1925.5999760000002,1900.613159,506000.0
2018-05-17,1920.0,1934.25,1905.5999760000002,1914.3499760000002,1889.509155,503632.0
2018-05-18,1915.0,1945.0,1906.0,1930.0,1904.956055,952766.0
2018-05-21,1935.9000239999998,1947.0,1912.449951,1924.949951,1899.97168,845801.0
2018-05-22,1924.699951,1931.300049,1895.0,1903.949951,1879.2441410000001,545822.0
2018-05-23,1895.0,1898.699951,1848.5999760000002,1853.6500239999998,1829.596802,1220570.0
2018-05-24,1853.6500239999998,1878.800049,1836.0,1870.699951,1846.425415,864810.0
2018-05-25,1874.0,1919.25,1858.699951,1914.949951,1890.101318,674128.0
2018-05-28,1919.0,1925.0,1894.949951,1914.449951,1889.6077879999998,811547.0
2018-05-29,1908.0999760000002,1917.050049,1870.0,1877.300049,1852.939941,855287.0
2018-05-30,1868.699951,1892.199951,1858.199951,1884.8499760000002,1860.391968,848282.0
2018-05-31,1884.0,1995.0,1868.75,1955.449951,1930.0758059999998,3896725.0
2018-06-01,1948.0,1948.0,1905.0,1915.4000239999998,1890.545654,1082637.0
2018-06-04,1931.949951,1963.0,1892.0,1902.199951,1877.5167239999998,964088.0
2018-06-05,1897.0,1916.550049,1892.9000239999998,1899.4000239999998,1874.753174,708586.0
2018-06-06,1903.0,1928.5,1881.3499760000002,1919.800049,1894.88855,508953.0
2018-06-07,1926.0,1941.75,1895.0999760000002,1900.449951,1875.789551,754249.0
2018-06-08,1895.0,1898.949951,1880.0,1888.699951,1864.192017,1889091.0
2018-06-11,1898.9000239999998,1929.1500239999998,1895.300049,1904.800049,1880.0830079999998,794575.0
2018-06-12,1910.0,1958.449951,1908.0,1954.75,1929.3848879999998,1275739.0
2018-06-13,1958.0,1968.800049,1937.550049,1945.449951,1927.601318,1169830.0
2018-06-14,1940.0,1971.0999760000002,1934.0,1963.4000239999998,1945.386841,917199.0
2018-06-15,1963.0,1978.4000239999998,1947.1500239999998,1967.3499760000002,1949.300537,2274265.0
2018-06-18,1962.0999760000002,1989.0,1961.0,1967.949951,1949.89502,792509.0
2018-06-19,1962.0,1962.449951,1916.75,1931.5,1913.7794190000002,905231.0
2018-06-20,1939.0,1975.0,1927.5,1967.4000239999998,1949.35022,489671.0
2018-06-21,1969.300049,1975.75,1946.050049,1960.5,1942.5134280000002,779490.0
2018-06-22,1960.5,1963.75,1927.4000239999998,1953.25,1935.3299559999998,956565.0
2018-06-25,1951.0,1976.9000239999998,1946.5,1969.949951,1951.8765870000002,566785.0
2018-06-26,1961.0999760000002,1993.9000239999998,1956.8499760000002,1983.300049,1965.104248,662063.0
2018-06-27,1989.0,1995.0,1959.0999760000002,1969.25,1951.183105,555455.0
2018-06-28,1969.0,1990.0,1948.25,1967.5999760000002,1949.548218,1393387.0
2018-06-29,1970.0,1979.0,1929.550049,1932.199951,1914.473022,1324639.0
2018-07-02,1938.0,1957.050049,1928.5,1948.800049,1930.9207760000002,708738.0
2018-07-03,1944.0,1955.800049,1935.0,1951.0,1933.100464,926035.0
2018-07-04,1954.0,1985.75,1945.300049,1976.300049,1958.168457,1514361.0
2018-07-05,1980.199951,1991.0,1960.0999760000002,1964.449951,1946.4271239999998,490611.0
2018-07-06,1961.449951,1971.449951,1952.300049,1959.4000239999998,1941.423584,590699.0
2018-07-09,1968.699951,1970.0,1944.199951,1958.300049,1940.333618,853596.0
2018-07-10,1970.0,1970.0,1924.0,1935.0999760000002,1917.346313,3301425.0
2018-07-11,1943.0,1946.5999760000002,1903.0999760000002,1914.800049,1897.232666,1739970.0
2018-07-12,1923.199951,1953.0,1923.199951,1938.1500239999998,1920.3684079999998,844316.0
2018-07-13,1936.5,1948.800049,1918.3499760000002,1923.75,1906.100464,954344.0
2018-07-16,1929.949951,1950.5,1918.5,1922.75,1905.109741,659528.0
2018-07-17,1924.0999760000002,1927.550049,1892.0,1905.0,1887.5225829999997,1131560.0
2018-07-18,1910.0,1923.6500239999998,1886.0,1892.550049,1882.5986329999998,773027.0
2018-07-19,1894.8499760000002,1905.9000239999998,1881.0,1888.25,1878.3211670000003,593314.0
2018-07-20,1888.0,1913.949951,1877.5,1902.550049,1892.546021,817518.0
2018-07-23,1906.25,1942.4000239999998,1903.0,1940.1500239999998,1929.948364,1072520.0
2018-07-24,1950.0,1954.800049,1940.0,1947.4000239999998,1937.160156,573920.0
2018-07-25,1949.949951,1970.5999760000002,1940.0,1965.050049,1954.717407,1065275.0
2018-07-26,1965.0,1988.0,1947.8499760000002,1960.3499760000002,1950.042114,2959597.0
2018-07-27,1969.0,1988.800049,1955.800049,1981.550049,1971.1306149999998,858768.0
2018-07-30,1978.0,1989.550049,1965.0,1970.199951,1959.84021,1792695.0
2018-07-31,1970.0999760000002,2001.75,1963.25,1995.1500239999998,1984.65918,460626.0
2018-08-01,2005.0,2021.0,1992.699951,2001.3499760000002,1990.826416,884802.0
2018-08-02,1999.0,2032.25,1995.550049,2023.050049,2012.4124760000002,1278375.0
2018-08-03,2033.0999760000002,2038.0,2003.449951,2015.8499760000002,2005.250244,1234257.0
2018-08-06,2022.9000239999998,2025.699951,1993.25,1999.800049,1989.284668,749860.0
2018-08-07,2004.800049,2009.199951,1980.050049,1994.300049,1983.8135989999998,531559.0
2018-08-08,1996.0,2014.75,1984.0999760000002,2000.6500239999998,1990.1302489999998,886494.0
2018-08-09,2008.0,2011.0,1971.5999760000002,1985.050049,1974.612305,593894.0
2018-08-10,1981.0,1998.0,1962.25,1979.5,1969.0914309999998,648603.0
2018-08-13,1970.0,1996.0,1963.0,1993.9000239999998,1983.4156489999998,930525.0
2018-08-14,1993.9000239999998,2000.0,1979.199951,1997.5999760000002,1987.096191,322251.0
2018-08-16,1987.550049,1994.9000239999998,1974.1500239999998,1984.199951,1973.766602,812823.0
2018-08-17,1991.0,1995.0,1982.0999760000002,1990.4000239999998,1979.934082,462694.0
2018-08-20,1992.0,2000.0,1986.8499760000002,1990.949951,1980.481079,671269.0
2018-08-21,1995.0,1995.0,1967.300049,1975.949951,1965.560059,688170.0
2018-08-23,1975.9000239999998,1975.9000239999998,1952.050049,1957.199951,1946.9085690000002,1012394.0
2018-08-24,1958.75,1958.75,1921.550049,1928.1500239999998,1918.011475,939358.0
2018-08-27,1932.550049,1963.800049,1930.0,1951.3499760000002,1941.089355,1305157.0
2018-08-28,1960.199951,1968.6500239999998,1930.0999760000002,1933.6500239999998,1923.4825440000002,686872.0
2018-08-29,1935.0,1939.300049,1900.0999760000002,1905.550049,1895.530273,1139011.0
2018-08-30,1900.0999760000002,1907.449951,1867.0,1875.6500239999998,1865.7874760000002,2124825.0
2018-08-31,1871.0,1915.800049,1862.0,1906.5999760000002,1896.574707,1952492.0
2018-09-03,1906.0,1918.8499760000002,1884.699951,1897.0,1887.0251460000002,937981.0
2018-09-04,1895.0,1898.800049,1843.0,1855.5999760000002,1845.842896,1290572.0
2018-09-05,1855.800049,1864.699951,1825.0,1854.8499760000002,1845.096802,804386.0
2018-09-06,1870.0,1885.0,1851.0,1880.0,1870.1146239999998,1003340.0
2018-09-07,1872.0999760000002,1885.949951,1865.9000239999998,1875.8499760000002,1865.9863280000002,763150.0
2018-09-10,1872.0,1872.0,1818.199951,1829.1500239999998,1819.531982,1157745.0
2018-09-11,1834.0999760000002,1854.949951,1819.5,1826.5,1816.8958739999998,1430413.0
2018-09-12,1825.0,1837.050049,1804.800049,1828.3499760000002,1818.736084,1149898.0
2018-09-14,1845.0,1881.800049,1836.0,1872.800049,1862.952515,1512590.0
2018-09-17,1857.800049,1880.9000239999998,1849.0,1877.050049,1867.180176,1009490.0
2018-09-18,1867.25,1889.300049,1856.050049,1862.1500239999998,1852.358521,823718.0
2018-09-19,1866.5999760000002,1875.4000239999998,1799.25,1804.6500239999998,1795.160767,1471601.0
2018-09-21,1820.0,1834.0999760000002,1731.0,1762.449951,1753.1826170000002,4403405.0
2018-09-24,1769.0,1774.300049,1658.849976,1674.199951,1665.3967289999998,4685534.0
2018-09-25,1675.099976,1717.550049,1649.0,1696.75,1687.828125,4503074.0
2018-09-26,1705.0,1712.5,1679.5,1701.800049,1692.851685,2914677.0
2018-09-27,1705.0,1714.8499760000002,1676.300049,1682.0,1673.1557619999999,2809983.0
2018-09-28,1693.0999760000002,1720.0,1668.349976,1690.050049,1681.163452,1801534.0
2018-10-01,1660.0,1669.900024,1615.650024,1642.650024,1634.012695,5213931.0
2018-10-03,1639.800049,1659.199951,1606.0,1638.699951,1630.083374,5112718.0
2018-10-04,1614.800049,1627.199951,1551.349976,1589.5,1581.14209,3065332.0
2018-10-05,1572.0,1638.449951,1572.0,1607.349976,1598.898193,4352946.0
2018-10-08,1606.0,1629.400024,1582.099976,1600.0,1591.586914,2426418.0
2018-10-09,1608.0,1619.050049,1590.099976,1607.900024,1599.4453130000002,1065187.0
2018-10-10,1612.0,1666.849976,1604.199951,1637.949951,1629.33728,2264070.0
2018-10-11,1610.0,1610.0,1581.400024,1592.550049,1584.1761470000001,2131052.0
2018-10-12,1611.900024,1659.5,1606.0,1652.699951,1644.0097660000001,2169080.0
2018-10-15,1667.699951,1667.699951,1588.550049,1626.949951,1618.395142,4301735.0
2018-10-16,1639.0,1695.949951,1615.0,1620.550049,1612.028809,7490737.0
2018-10-17,1636.25,1652.550049,1600.0,1603.900024,1595.466431,3532784.0
2018-10-19,1590.0,1613.150024,1570.0,1576.699951,1568.409302,4071551.0
2018-10-22,1590.0,1600.400024,1421.5,1449.449951,1441.828491,6528861.0
2018-10-23,1435.0,1498.0,1425.0,1473.150024,1465.403931,7242862.0
2018-10-24,1490.0,1528.699951,1480.050049,1521.349976,1513.350464,2177827.0
2018-10-25,1502.099976,1522.900024,1475.599976,1491.099976,1483.2595210000002,4971095.0
2018-10-26,1496.5,1498.0,1438.099976,1445.800049,1438.1977539999998,2263193.0
2018-10-29,1445.0,1445.0,1375.0,1412.800049,1405.371216,4620039.0
2018-10-30,1410.0,1410.0,1349.599976,1364.300049,1357.126343,5974755.0
2018-10-31,1355.0,1436.199951,1333.150024,1425.099976,1417.606567,6474213.0
2018-11-01,1402.0,1492.949951,1398.0,1463.949951,1456.252197,5635786.0
2018-11-02,1485.0,1554.900024,1475.0,1541.800049,1533.692993,5732745.0
2018-11-05,1535.0,1535.0,1480.199951,1486.449951,1478.633911,2926342.0
2018-11-06,1490.0,1511.599976,1442.650024,1475.449951,1467.6917720000001,2830304.0
2018-11-07,1486.0,1501.150024,1475.0,1483.900024,1476.0974119999998,140435.0
2018-11-09,1477.099976,1520.300049,1476.0,1494.900024,1487.039551,1913755.0
2018-11-12,1501.900024,1519.0,1478.199951,1493.0,1485.149536,1434191.0
2018-11-13,1485.099976,1496.300049,1463.550049,1485.550049,1477.73877,1678410.0
2018-11-14,1498.0,1529.0,1492.5,1513.550049,1505.591553,1888029.0
2018-11-15,1515.0,1533.25,1498.0,1512.150024,1504.1988529999999,1362884.0
2018-11-16,1519.0,1526.0,1486.75,1501.099976,1493.206909,1222318.0
2018-11-19,1503.0,1541.300049,1484.349976,1537.949951,1529.863159,2054251.0
2018-11-20,1535.0,1569.900024,1528.349976,1557.849976,1549.658447,2718989.0
2018-11-21,1558.5,1568.949951,1538.400024,1546.699951,1538.567139,984774.0
2018-11-22,1548.0,1563.949951,1522.0,1528.849976,1520.810913,1038896.0
2018-11-26,1538.0,1567.699951,1532.050049,1562.75,1554.532715,1365620.0
2018-11-27,1553.699951,1593.849976,1548.800049,1588.550049,1580.197144,1707401.0
2018-11-28,1596.0,1620.0,1592.199951,1613.349976,1604.866699,2408350.0
2018-11-29,1629.0,1670.949951,1619.0,1660.550049,1651.818481,2975979.0
2018-11-30,1664.5,1674.449951,1623.0,1631.800049,1623.219727,1391187.0
2018-12-03,1648.5,1661.849976,1636.300049,1656.300049,1647.590942,1509308.0
2018-12-04,1653.0,1658.900024,1631.800049,1635.75,1627.148926,1311350.0
2018-12-05,1630.0,1630.0,1591.800049,1603.599976,1595.1679689999999,1669427.0
2018-12-06,1594.199951,1594.300049,1560.0,1569.449951,1561.19751,1605950.0
2018-12-07,1572.0,1580.0,1531.050049,1566.800049,1558.561523,1502809.0
2018-12-10,1540.0,1573.0,1537.050049,1554.449951,1546.276367,1485061.0
2018-12-11,1476.75,1564.75,1475.0,1552.800049,1544.635132,2294146.0
2018-12-12,1565.0,1589.699951,1555.0,1582.199951,1573.8803710000002,1279021.0
2018-12-13,1591.5,1628.0,1576.949951,1610.099976,1601.633789,1283289.0
2018-12-14,1610.0,1613.5,1590.050049,1603.849976,1595.416626,692049.0
2018-12-17,1612.900024,1639.5,1605.0,1633.349976,1624.761475,791402.0
2018-12-18,1627.900024,1644.349976,1609.0,1639.550049,1630.928955,983139.0
2018-12-19,1641.0,1652.699951,1609.400024,1612.650024,1604.17041,1390871.0
2018-12-20,1606.099976,1621.75,1593.300049,1612.849976,1604.369263,1156454.0
2018-12-21,1612.849976,1625.949951,1572.199951,1575.650024,1567.36499,1119348.0
2018-12-24,1578.0,1591.5,1555.949951,1562.349976,1554.1347660000001,757749.0
2018-12-26,1559.699951,1564.949951,1520.300049,1556.449951,1548.2658689999998,1712424.0
2018-12-27,1577.0,1593.449951,1559.699951,1564.0,1555.776123,1880388.0
2018-12-28,1578.849976,1600.5,1571.0,1583.25,1574.924927,1333919.0
2018-12-31,1591.300049,1604.0,1585.599976,1599.300049,1590.890625,933039.0
2019-01-01,1600.0,1605.0,1560.550049,1595.599976,1587.209961,4043870.0
2019-01-02,1587.599976,1598.0,1568.25,1576.599976,1568.309937,1164974.0
2019-01-03,1573.0,1580.0,1555.650024,1560.099976,1551.896606,958038.0
2019-01-04,1560.800049,1571.0,1540.199951,1548.199951,1540.059204,1868151.0
2019-01-07,1561.0,1610.0,1550.5,1559.150024,1550.95166,3991996.0
2019-01-08,1563.150024,1588.0,1551.0,1577.75,1569.453857,1479592.0
2019-01-09,1580.0,1610.0,1548.0,1601.75,1593.3276369999999,6447772.0
2019-01-10,1607.849976,1607.849976,1554.0,1565.900024,1557.66626,4377060.0
2019-01-11,1570.0,1574.0,1508.300049,1515.150024,1507.183105,3180775.0
2019-01-14,1509.0,1509.0,1471.0,1484.050049,1476.246582,3615252.0
2019-01-15,1491.0,1504.400024,1486.0,1495.199951,1487.3378910000001,1725819.0
2019-01-16,1496.0,1532.0,1495.949951,1526.699951,1518.672241,2188162.0
2019-01-17,1526.699951,1536.0,1510.0,1523.0,1514.991699,1467807.0
2019-01-18,1523.099976,1532.400024,1513.0,1516.900024,1508.923828,1589082.0
2019-01-21,1511.300049,1517.900024,1497.0,1507.599976,1499.672729,1606142.0
2019-01-22,1502.0,1506.199951,1475.0,1501.599976,1493.704224,2666389.0
2019-01-23,1497.150024,1509.0,1486.199951,1495.0,1487.139038,1441440.0
2019-01-24,1492.199951,1500.0,1478.5,1490.300049,1482.463745,1088512.0
2019-01-25,1496.300049,1512.400024,1478.25,1484.900024,1477.092163,1738412.0
2019-01-28,1472.199951,1492.949951,1437.400024,1443.699951,1436.108643,2246761.0
2019-01-29,1446.0,1466.0,1430.25,1461.849976,1454.16333,1388542.0
2019-01-30,1465.900024,1490.0,1458.0,1476.099976,1468.3383789999998,3193022.0
2019-01-31,1480.0,1520.5,1473.099976,1505.550049,1497.633545,2469714.0
2019-02-01,1507.900024,1535.400024,1496.900024,1515.150024,1507.183105,1547424.0
2019-02-04,1508.099976,1511.449951,1469.349976,1504.650024,1496.7382810000001,2054061.0
2019-02-05,1504.849976,1557.150024,1498.050049,1541.75,1533.643188,1710784.0
2019-02-06,1543.75,1543.75,1507.0,1526.050049,1518.025757,1541770.0
2019-02-07,1525.0,1529.900024,1507.0,1514.949951,1506.984009,1602553.0
2019-02-08,1512.900024,1529.5,1490.900024,1499.050049,1491.167725,2194466.0
2019-02-11,1502.900024,1518.0,1482.0,1511.0,1503.0548099999999,1387113.0
2019-02-12,1512.099976,1522.75,1486.25,1497.199951,1489.327393,1136862.0
2019-02-14,1491.900024,1530.800049,1476.050049,1517.5,1509.52063,1756930.0
2019-02-15,1515.550049,1521.949951,1498.699951,1509.5,1501.5627439999998,1169312.0
2019-02-18,1509.5,1524.900024,1500.0,1517.0,1509.0233150000001,1040787.0
2019-02-19,1512.0,1520.900024,1471.099976,1480.5,1472.71521,1352025.0
2019-02-20,1480.0,1493.599976,1474.099976,1480.800049,1473.013672,1688403.0
2019-02-21,1479.449951,1494.400024,1455.0,1471.550049,1463.8123779999999,2297058.0
2019-02-22,1474.0,1486.949951,1458.099976,1462.800049,1455.108398,1314113.0
2019-02-25,1465.050049,1495.0,1461.050049,1491.199951,1483.3588869999999,1055629.0
2019-02-26,1480.0,1488.849976,1461.800049,1478.099976,1470.3278810000002,850891.0
2019-02-27,1482.050049,1493.949951,1458.199951,1476.699951,1468.935181,1553126.0
2019-02-28,1487.75,1489.0,1470.5,1473.849976,1466.10022,2400890.0
2019-03-01,1481.699951,1519.5,1474.949951,1514.099976,1506.13855,2243654.0
2019-03-05,1510.0,1547.0,1510.0,1541.599976,1533.4938960000002,1768341.0
2019-03-06,1537.5,1541.0,1522.25,1534.849976,1526.779419,1694922.0
2019-03-07,1534.900024,1544.949951,1520.150024,1531.25,1523.198364,2128646.0
2019-03-08,1529.0,1531.599976,1507.949951,1518.0,1510.018066,966595.0
2019-03-11,1520.900024,1525.0,1502.400024,1514.599976,1506.635864,2472505.0
2019-03-12,1526.0,1585.0,1510.75,1569.050049,1560.799683,7399042.0
2019-03-13,1574.900024,1640.0,1567.900024,1636.349976,1627.7457279999999,7407679.0
2019-03-14,1649.0,1701.0,1635.0,1682.699951,1673.851929,6598388.0
2019-03-15,1686.0,1718.0,1685.0999760000002,1703.25,1694.293945,3884063.0
2019-03-18,1708.0,1734.449951,1702.5999760000002,1715.800049,1706.778076,2427808.0
2019-03-19,1730.0,1735.0,1718.199951,1725.199951,1716.12854,1738526.0
2019-03-20,1729.0,1730.0,1708.0,1713.4000239999998,1704.390625,1592600.0
2019-03-22,1715.0,1731.550049,1694.300049,1698.5999760000002,1689.668335,2081172.0
2019-03-25,1682.0999760000002,1699.949951,1675.0,1683.550049,1674.697632,1689972.0
2019-03-26,1681.0,1720.0,1668.599976,1714.6500239999998,1705.6340329999998,2216791.0
2019-03-27,1730.0,1813.449951,1720.0999760000002,1804.25,1794.762939,5562677.0
2019-03-28,1812.5,1834.4000239999998,1777.1500239999998,1821.0999760000002,1811.5242920000003,4070284.0
2019-04-01,1797.0,1799.0,1739.050049,1743.050049,1733.8847660000001,2594605.0
2019-04-02,1754.6500239999998,1780.0,1730.800049,1774.550049,1765.219116,2760486.0
2019-04-03,1784.0,1818.0,1761.949951,1773.5999760000002,1764.274048,2494990.0
2019-04-04,1773.5999760000002,1782.75,1723.25,1736.1500239999998,1727.0209960000002,2164515.0
2019-04-05,1748.0,1774.8499760000002,1745.1500239999998,1767.949951,1758.653687,1183378.0
2019-04-08,1768.9000239999998,1798.5999760000002,1746.050049,1751.0,1741.792847,1816648.0
2019-04-09,1758.0,1772.4000239999998,1730.25,1767.0999760000002,1757.808228,1675803.0
2019-04-10,1766.050049,1778.949951,1742.199951,1747.449951,1738.261475,1891510.0
2019-04-11,1748.9000239999998,1752.9000239999998,1727.800049,1740.6500239999998,1731.497314,965883.0
2019-04-12,1743.5,1744.449951,1726.0999760000002,1736.800049,1727.667603,1029735.0
2019-04-15,1743.5,1764.9000239999998,1732.800049,1748.9000239999998,1739.703979,973597.0
2019-04-16,1753.9000239999998,1820.0,1753.0,1815.1500239999998,1805.605591,2593532.0
2019-04-18,1816.0,1823.75,1752.300049,1764.300049,1755.022949,1857583.0
2019-04-22,1759.0,1760.0,1682.949951,1691.0,1682.108398,2184388.0
2019-04-23,1691.0,1716.0,1645.0,1651.349976,1642.66687,2161145.0
2019-04-24,1667.0,1705.0,1661.099976,1699.25,1690.314941,3467827.0
2019-04-25,1716.0,1724.0,1673.0,1683.449951,1674.5980220000001,3070975.0
2019-04-26,1684.0,1703.25,1661.5,1698.8499760000002,1689.917114,1639196.0
2019-04-30,1679.9000239999998,1679.9000239999998,1575.199951,1606.5,1598.0527339999999,5059803.0
2019-05-02,1601.150024,1617.599976,1551.5,1561.300049,1553.090454,4071588.0
2019-05-03,1565.0,1579.0,1546.800049,1556.599976,1548.415039,2042908.0
2019-05-06,1543.300049,1543.300049,1521.599976,1528.25,1520.214111,2018992.0
2019-05-07,1539.800049,1542.0,1495.5,1515.800049,1507.829712,3333379.0
2019-05-08,1515.800049,1525.949951,1482.099976,1488.75,1480.921875,2652472.0
2019-05-09,1486.0,1489.0,1468.849976,1476.550049,1468.786011,3040828.0
2019-05-10,1478.550049,1492.5,1430.0,1439.900024,1432.328735,2304082.0
2019-05-13,1434.0,1446.0,1387.25,1393.300049,1385.973755,2608583.0
2019-05-14,1393.300049,1442.0,1386.5,1432.699951,1425.1665039999998,5582146.0
2019-05-15,1436.0,1452.0,1373.0,1379.0,1371.748901,3321014.0
2019-05-16,1382.0,1382.0,1348.099976,1358.199951,1351.0582279999999,4571270.0
2019-05-17,1368.0,1392.0,1365.0,1373.550049,1366.3276369999999,3070835.0
2019-05-20,1400.0,1505.650024,1400.0,1494.650024,1486.790894,4545248.0
2019-05-21,1499.900024,1514.0,1443.0,1447.75,1440.137451,3331988.0
2019-05-22,1446.949951,1536.849976,1382.300049,1518.900024,1510.91333,18578611.0
2019-05-23,1547.0,1640.0,1543.150024,1598.75,1590.3435060000002,12378857.0
2019-05-24,1608.699951,1658.0,1594.0,1648.900024,1640.229736,6065381.0
2019-05-27,1647.900024,1647.900024,1607.0,1612.800049,1604.31958,2426340.0
2019-05-28,1615.0,1632.0,1596.699951,1619.650024,1611.133545,2044030.0
2019-05-29,1617.0,1629.349976,1602.050049,1608.650024,1600.1914060000001,1628713.0
2019-05-30,1608.599976,1621.599976,1580.550049,1586.900024,1578.555786,4997347.0
2019-05-31,1599.0,1610.949951,1555.050049,1605.349976,1596.908691,3138032.0
2019-06-03,1600.099976,1667.0,1589.699951,1662.650024,1653.907471,3064055.0
2019-06-04,1663.0,1672.949951,1630.0,1638.0,1629.387085,2614383.0
2019-06-06,1634.699951,1634.699951,1510.0,1522.650024,1514.643677,6402947.0
2019-06-07,1530.0,1560.0,1482.050049,1552.199951,1544.038208,6289576.0
2019-06-10,1564.0,1585.099976,1536.150024,1551.650024,1543.491089,3211040.0
2019-06-11,1564.0,1595.300049,1563.0,1590.599976,1582.236328,3468327.0
2019-06-12,1597.0,1602.599976,1561.199951,1569.849976,1561.595337,3504083.0
2019-06-13,1520.0,1525.0,1440.0,1488.849976,1481.02124,10175722.0
2019-06-14,1493.0,1495.0,1411.25,1426.800049,1419.297607,10500760.0
2019-06-17,1427.5,1449.900024,1396.199951,1399.650024,1392.290405,7360154.0
2019-06-18,1410.5,1444.849976,1400.099976,1409.0,1401.591187,6611201.0
2019-06-19,1424.800049,1439.0,1370.099976,1381.349976,1374.086548,5716245.0
2019-06-20,1380.0,1441.099976,1348.0,1435.599976,1428.05127,7571159.0
2019-06-21,1445.0,1465.0,1419.150024,1448.650024,1441.032715,4913512.0
2019-06-24,1483.0,1485.0,1449.050049,1461.550049,1453.864868,4102227.0
2019-06-25,1455.050049,1460.5,1441.550049,1449.650024,1442.027466,2445906.0
2019-06-26,1450.0,1452.599976,1427.25,1434.800049,1427.255615,2478755.0
2019-06-27,1439.0,1464.300049,1435.199951,1450.199951,1442.5744630000002,4007859.0
2019-06-28,1458.0,1458.0,1400.0,1410.5,1403.083252,4108364.0
2019-07-01,1427.900024,1442.150024,1416.349976,1433.599976,1426.061768,3446607.0
2019-07-02,1447.0,1452.0,1410.099976,1416.550049,1409.1015630000002,3100554.0
2019-07-03,1430.0,1479.5,1423.400024,1470.599976,1462.8673099999999,5366734.0
2019-07-04,1473.0,1513.5,1466.300049,1493.099976,1485.248901,4799912.0
2019-07-05,1498.699951,1540.0,1484.400024,1532.550049,1524.491577,5145552.0
2019-07-08,1515.25,1544.949951,1470.849976,1476.5,1468.736206,3857205.0
2019-07-09,1476.5,1509.349976,1457.099976,1492.099976,1484.2542720000001,3733488.0
2019-07-10,1501.0,1520.75,1468.599976,1487.25,1479.4296880000002,3222571.0
2019-07-11,1504.0,1556.0,1495.0,1541.25,1533.145752,4337246.0
2019-07-12,1550.0,1562.5,1493.650024,1509.5,1501.5627439999998,10637123.0
2019-07-15,1529.949951,1530.0,1468.0,1475.099976,1467.3436279999999,5656516.0
2019-07-16,1485.0,1485.0,1460.050049,1473.199951,1465.4536130000001,3863867.0
2019-07-17,1482.800049,1508.550049,1457.0,1501.25,1493.356079,5290039.0
2019-07-18,1496.050049,1503.0,1468.349976,1471.449951,1463.712769,2404071.0
2019-07-19,1480.0,1488.699951,1407.199951,1422.150024,1414.6721189999998,4698852.0
2019-07-22,1418.949951,1428.800049,1382.0,1418.400024,1410.9417720000001,4578591.0
2019-07-23,1425.699951,1432.800049,1404.400024,1416.75,1409.300415,2946083.0
2019-07-24,1407.199951,1426.349976,1353.349976,1362.0,1354.8383789999998,4148585.0
2019-07-25,1368.0,1419.349976,1367.0,1391.650024,1384.3323970000001,6816446.0
2019-07-26,1400.5,1422.0,1386.550049,1415.5,1408.057007,3106622.0
2019-07-29,1410.0,1436.0,1402.099976,1432.300049,1424.768677,3185949.0
2019-07-30,1436.050049,1447.599976,1317.650024,1337.300049,1330.268311,8804120.0
2019-07-31,1317.650024,1419.699951,1312.0,1412.849976,1405.420898,7730088.0
2019-08-01,1390.099976,1435.0,1365.0,1398.650024,1391.295654,9532030.0
2019-08-02,1396.0,1412.5,1366.449951,1382.900024,1375.628418,4625690.0
2019-08-05,1365.0,1404.699951,1350.0,1388.199951,1380.900513,6796784.0
2019-08-06,1388.199951,1430.0,1377.75,1417.099976,1409.6485599999999,3140739.0
2019-08-07,1417.0,1462.050049,1415.449951,1426.349976,1418.849976,6078493.0
2019-08-08,1430.0,1430.0,1372.949951,1414.050049,1414.050049,5079904.0
2019-08-09,1435.0,1435.0,1405.300049,1413.400024,1413.400024,4666041.0
2019-08-13,1415.0,1417.150024,1352.199951,1373.449951,1373.449951,3477027.0
2019-08-14,1389.0,1408.800049,1377.099976,1400.849976,1400.849976,2823062.0
2019-08-16,1380.0,1445.0,1375.0,1439.099976,1439.099976,3127077.0
2019-08-19,1442.0,1457.900024,1430.550049,1442.5,1442.5,2484182.0
2019-08-20,1451.0,1451.949951,1388.099976,1404.849976,1404.849976,3395591.0
2019-08-21,1412.5,1412.849976,1357.849976,1367.199951,1367.199951,2929477.0
2019-08-22,1365.949951,1365.949951,1330.050049,1335.650024,1335.650024,4436240.0
2019-08-23,1339.599976,1343.650024,1280.099976,1310.5,1310.5,7921907.0
2019-08-26,1346.050049,1354.900024,1267.25,1348.5,1348.5,7080111.0
2019-08-27,1360.0,1401.699951,1355.25,1386.099976,1386.099976,4755041.0
2019-08-28,1379.0,1406.5,1353.699951,1365.849976,1365.849976,8031108.0
2019-08-29,1357.0,1381.0,1338.0,1350.550049,1350.550049,4555489.0
2019-08-30,1359.050049,1401.650024,1330.150024,1395.75,1395.75,5254735.0
2019-09-03,1380.0,1387.949951,1335.599976,1343.949951,1343.949951,6169187.0
2019-09-04,1339.0,1343.949951,1296.550049,1317.599976,1317.599976,6069299.0
2019-09-05,1327.0,1335.0,1303.449951,1308.099976,1308.099976,3820454.0
2019-09-06,1321.099976,1340.0,1311.300049,1331.099976,1331.099976,2744448.0
2019-09-09,1330.0,1340.949951,1308.0,1335.0,1335.0,3024923.0
2019-09-11,1340.599976,1380.0,1340.0,1372.150024,1372.150024,2958610.0
2019-09-12,1379.0,1412.0,1375.400024,1390.25,1390.25,3847286.0
2019-09-13,1389.0,1406.699951,1371.0,1398.599976,1398.599976,3506741.0
2019-09-16,1380.050049,1395.0,1365.0,1375.949951,1375.949951,2406553.0
2019-09-17,1376.0,1384.900024,1325.25,1332.599976,1332.599976,3418892.0
2019-09-18,1340.0,1349.0,1321.800049,1330.400024,1330.400024,3466276.0
2019-09-19,1332.900024,1333.300049,1278.150024,1282.25,1282.25,4668596.0
2019-09-20,1289.0,1454.400024,1271.5,1419.599976,1419.599976,12418793.0
2019-09-23,1462.0,1548.150024,1462.0,1511.550049,1511.550049,8634884.0
2019-09-24,1505.0,1527.0,1496.349976,1516.300049,1516.300049,5167834.0
2019-09-25,1509.0,1521.050049,1492.550049,1503.900024,1503.900024,5158518.0
2019-09-26,1507.0,1554.75,1507.0,1548.0,1548.0,7017228.0
2019-09-27,1539.599976,1545.0,1470.849976,1480.800049,1480.800049,4445539.0
2019-09-30,1475.800049,1475.800049,1346.150024,1383.550049,1383.550049,9439585.0
2019-10-01,1397.0,1410.199951,1188.050049,1298.050049,1298.050049,13839863.0
2019-10-03,1295.0,1309.449951,1220.0,1255.5,1255.5,13455663.0
2019-10-04,1280.0,1292.949951,1255.25,1265.300049,1265.300049,7423301.0
2019-10-07,1275.0,1276.0,1215.0,1241.050049,1241.050049,5212929.0
2019-10-09,1241.0,1319.0,1235.599976,1308.650024,1308.650024,6865376.0
2019-10-10,1310.0,1321.0,1220.0,1228.5,1228.5,13975918.0
2019-10-11,1235.949951,1253.949951,1191.349976,1223.199951,1223.199951,12987781.0
2019-10-14,1240.0,1264.900024,1227.900024,1250.599976,1250.599976,4786662.0
2019-10-15,1256.949951,1277.550049,1236.0,1272.25,1272.25,4669980.0
2019-10-16,1274.949951,1285.0,1265.0,1274.5,1274.5,4118174.0
2019-10-17,1276.0,1345.0,1270.0,1340.099976,1340.099976,5237964.0
2019-10-18,1332.0,1361.699951,1317.099976,1342.650024,1342.650024,5604223.0
2019-10-22,1340.0,1357.849976,1320.0,1341.0,1341.0,3577455.0
2019-10-23,1339.0,1347.949951,1309.650024,1332.599976,1332.599976,3003881.0
2019-10-24,1340.199951,1347.849976,1272.0,1283.0,1283.0,6833303.0
2019-10-25,1288.0,1288.0,1260.099976,1272.050049,1272.050049,4141541.0
2019-10-29,1275.0,1326.0,1264.150024,1315.300049,1315.300049,4248732.0
2019-10-30,1315.0,1323.949951,1282.400024,1297.199951,1297.199951,3333740.0
2019-10-31,1303.949951,1344.0,1290.0,1313.199951,1313.199951,7559742.0
2019-11-01,1328.0,1385.849976,1316.199951,1379.849976,1379.849976,7803620.0
2019-11-04,1374.949951,1393.900024,1350.0,1352.300049,1352.300049,3641707.0
2019-11-05,1354.0,1360.300049,1315.0,1320.099976,1320.099976,2656825.0
2019-11-06,1321.25,1353.599976,1310.0,1343.0,1343.0,3214840.0
2019-11-07,1350.0,1397.849976,1350.0,1381.900024,1381.900024,5563949.0
2019-11-08,1367.050049,1453.949951,1355.550049,1422.800049,1422.800049,8506906.0
2019-11-11,1416.0,1454.900024,1407.400024,1445.050049,1445.050049,3521409.0
2019-11-13,1445.0,1462.449951,1408.550049,1414.199951,1414.199951,4578522.0
2019-11-14,1399.699951,1399.699951,1353.199951,1375.099976,1375.099976,5279888.0
2019-11-15,1377.099976,1388.199951,1345.699951,1359.0,1359.0,4476838.0
2019-11-18,1361.400024,1379.900024,1359.5,1374.400024,1374.400024,2034198.0
2019-11-19,1382.0,1409.0,1374.550049,1392.75,1392.75,4880427.0
2019-11-20,1402.0,1478.75,1402.0,1469.300049,1469.300049,7334715.0
2019-11-21,1480.099976,1502.050049,1437.599976,1446.150024,1446.150024,6229283.0
2019-11-22,1449.949951,1460.800049,1437.0,1446.150024,1446.150024,2062280.0
2019-11-25,1446.150024,1499.150024,1446.150024,1496.849976,1496.849976,3029183.0
2019-11-26,1495.0,1521.5,1480.5,1515.900024,1515.900024,6748616.0
2019-11-27,1519.0,1537.400024,1508.0,1526.349976,1526.349976,4156766.0
2019-11-28,1526.0,1575.800049,1520.0,1568.25,1568.25,5080043.0
2019-11-29,1556.0,1581.599976,1552.050049,1569.099976,1569.099976,5852032.0
2019-12-02,1592.0,1596.550049,1561.199951,1576.0,1576.0,3906554.0
2019-12-03,1579.199951,1580.0,1532.900024,1544.699951,1544.699951,3594869.0
2019-12-04,1538.400024,1554.0,1523.0,1544.300049,1544.300049,3417501.0
2019-12-05,1544.300049,1548.900024,1506.900024,1509.75,1509.75,3222397.0
2019-12-06,1517.0,1518.650024,1456.0,1465.849976,1465.849976,2990724.0
2019-12-09,1457.0,1484.849976,1445.349976,1450.0,1450.0,2831428.0
2019-12-10,1460.0,1461.5,1408.599976,1411.599976,1411.599976,2751068.0
2019-12-11,1418.699951,1432.0,1396.150024,1420.650024,1420.650024,3263070.0
2019-12-12,1424.25,1451.0,1421.199951,1444.150024,1444.150024,2490582.0
2019-12-13,1449.75,1493.949951,1449.75,1485.400024,1485.400024,3512530.0
2019-12-16,1504.5,1507.0,1483.25,1493.400024,1493.400024,2909431.0
2019-12-17,1500.099976,1508.5,1486.199951,1492.75,1492.75,2861481.0
2019-12-18,1501.0,1504.0,1490.0,1500.800049,1500.800049,2573443.0
2019-12-19,1493.0,1505.800049,1478.199951,1489.900024,1489.900024,2656772.0
2019-12-20,1490.5,1508.5,1482.5,1487.949951,1487.949951,2875305.0
2019-12-23,1488.0,1501.5,1479.349976,1496.300049,1496.300049,1584336.0
2019-12-24,1495.0,1532.0,1495.0,1521.849976,1521.849976,4488835.0
2019-12-26,1517.099976,1529.599976,1504.650024,1515.400024,1515.400024,2265163.0
2019-12-27,1524.699951,1540.0,1512.099976,1524.900024,1524.900024,1755565.0
2019-12-30,1524.900024,1552.5,1518.050049,1531.400024,1531.400024,2526529.0
